event_id,timestamp,last_traded_price,best_bid,best_ask,mid_price,24h_volume_at_time,cumulative_volume,volatility_estimate_last_6h
EVT_A10667,2026-02-19T09:19:50.422263+00:00,0.75,,,0.75,,,
EVT_A10667,2026-02-19T10:00:31.791256+00:00,0.75,,,0.75,,,
EVT_A10667,2026-02-19T10:20:24.946989+00:00,0.75,,,0.75,,,
EVT_A10667,2026-02-19T11:01:16.791355+00:00,0.75,,,0.75,,,
EVT_A10667,2026-02-19T11:20:28.146452+00:00,0.755,,,0.755,,,
EVT_A10667,2026-02-19T12:02:07.266014+00:00,0.755,,,0.755,,,
EVT_A10667,2026-02-19T12:21:03.994166+00:00,0.75,,,0.75,,,
EVT_A10667,2026-02-19T13:02:54.057543+00:00,0.75,,,0.75,,,
EVT_A10667,2026-02-19T13:21:57.883990+00:00,0.75,,,0.75,,,
EVT_A10667,2026-02-19T13:47:21.613838+00:00,0.75,,,0.75,,,
EVT_A10667,2026-02-19T14:03:38.311539+00:00,0.75,,,0.75,,,
EVT_A10667,2026-02-19T14:22:44.914252+00:00,0.73,,,0.73,,,
EVT_A10667,2026-02-19T14:23:39.572054+00:00,0.73,,,0.73,,,
EVT_A10667,2026-02-19T14:23:39.572054+00:00,0.73,,,0.73,,,
EVT_A10667,2026-02-19T14:23:39.572054+00:00,0.73,,,0.73,,,
EVT_A10667,2026-02-19T14:23:39.572054+00:00,0.73,,,0.73,,,
EVT_A10667,2026-02-19T15:04:26.268217+00:00,0.73,,,0.73,,,
EVT_A10667,2026-02-19T15:04:26.268217+00:00,0.73,,,0.73,,,
EVT_A10667,2026-02-19T15:04:26.268217+00:00,0.73,,,0.73,,,
EVT_A10667,2026-02-19T15:23:46.362448+00:00,0.77,,,0.77,,,
EVT_A10667,2026-02-19T15:23:46.362448+00:00,0.77,,,0.77,,,
EVT_A10667,2026-02-19T15:28:17.029779+00:00,0.77,,,0.77,,,
EVT_A10667,2026-02-19T15:28:22.951615+00:00,0.77,,,0.77,,,
EVT_A10667,2026-02-19T15:28:55.501284+00:00,0.77,,,0.77,,,
EVT_A10667,2026-02-19T15:29:28.559142+00:00,0.77,,,0.77,,,
EVT_A10667,2026-02-19T15:29:36.041507+00:00,0.77,,,0.77,,,
EVT_A10667,2026-02-19T15:30:01.501243+00:00,0.77,,,0.77,,,
EVT_A10667,2026-02-19T15:30:01.501243+00:00,0.77,,,0.77,,,
EVT_A10667,2026-02-19T15:45:25.451584+00:00,0.77,,,0.77,,,
EVT_A10667,2026-02-19T15:45:33.234146+00:00,0.77,,,0.77,,,
EVT_A10667,2026-02-19T15:46:02.860508+00:00,0.77,,,0.77,,,
EVT_A10667,2026-02-19T16:47:04.983141+00:00,0.76,,,0.76,,,
EVT_A10667,2026-02-19T17:47:36.682403+00:00,0.77,,,0.77,,,
EVT_A10667,2026-02-19T18:48:08.631743+00:00,0.76,,,0.76,,,
EVT_A10667,2026-02-19T19:48:39.615668+00:00,0.76,,,0.76,,,
EVT_A10667,2026-02-19T20:49:10.612509+00:00,0.765,,,0.765,,,
EVT_A10667,2026-02-19T21:46:42.228227+00:00,0.765,,,0.765,,,
EVT_A10667,2026-02-19T21:49:40.852536+00:00,0.735,,,0.735,,,
EVT_A10667,2026-02-19T22:50:06.630212+00:00,0.735,,,0.735,,,
EVT_A10667,2026-02-19T23:50:33.585099+00:00,0.735,,,0.735,,,
EVT_A10667,2026-02-20T00:51:00.568393+00:00,0.735,,,0.735,,,
EVT_A10667,2026-02-20T01:51:22.110646+00:00,0.735,,,0.735,,,
EVT_A10667,2026-02-20T02:51:52.579078+00:00,0.725,,,0.725,,,
EVT_A10667,2026-02-20T03:47:22.161520+00:00,0.725,,,0.725,,,
EVT_A10667,2026-02-20T03:52:22.950322+00:00,0.725,,,0.725,,,
EVT_A10667,2026-02-20T04:52:57.573707+00:00,0.725,,,0.725,,,
EVT_A10667,2026-02-20T05:53:39.677051+00:00,0.725,,,0.725,,,
EVT_A10667,2026-02-20T06:00:27.937762+00:00,0.725,,,0.725,,,
EVT_A10667,2026-02-20T06:23:40.446551+00:00,0.725,,,0.725,,,
EVT_A10667,2026-02-20T06:36:22.913738+00:00,0.725,,,0.725,,,
EVT_BB4052,2026-02-19T09:19:50.422263+00:00,0.51,,,0.51,,,
EVT_BB4052,2026-02-19T10:00:31.791256+00:00,0.51,,,0.51,,,
EVT_BB4052,2026-02-19T10:20:24.946989+00:00,0.51,,,0.51,,,
EVT_BB4052,2026-02-19T11:01:16.791355+00:00,0.51,,,0.51,,,
EVT_BB4052,2026-02-19T11:20:28.146452+00:00,0.505,,,0.505,,,
EVT_BB4052,2026-02-19T12:02:07.266014+00:00,0.505,,,0.505,,,
EVT_BB4052,2026-02-19T12:21:03.994166+00:00,0.505,,,0.505,,,
EVT_BB4052,2026-02-19T13:02:54.057543+00:00,0.505,,,0.505,,,
EVT_BB4052,2026-02-19T13:21:57.883990+00:00,0.505,,,0.505,,,
EVT_BB4052,2026-02-19T13:47:21.613838+00:00,0.505,,,0.505,,,
EVT_BB4052,2026-02-19T14:03:38.311539+00:00,0.505,,,0.505,,,
EVT_BB4052,2026-02-19T14:22:44.914252+00:00,0.505,,,0.505,,,
EVT_BB4052,2026-02-19T14:23:39.572054+00:00,0.505,,,0.505,,,
EVT_BB4052,2026-02-19T14:23:39.572054+00:00,0.505,,,0.505,,,
EVT_BB4052,2026-02-19T14:23:39.572054+00:00,0.505,,,0.505,,,
EVT_BB4052,2026-02-19T14:23:39.572054+00:00,0.505,,,0.505,,,
EVT_BB4052,2026-02-19T15:04:26.268217+00:00,0.505,,,0.505,,,
EVT_BB4052,2026-02-19T15:04:26.268217+00:00,0.505,,,0.505,,,
EVT_BB4052,2026-02-19T15:04:26.268217+00:00,0.505,,,0.505,,,
EVT_BB4052,2026-02-19T15:23:46.362448+00:00,0.515,,,0.515,,,
EVT_BB4052,2026-02-19T15:23:46.362448+00:00,0.515,,,0.515,,,
EVT_BB4052,2026-02-19T15:28:17.029779+00:00,0.515,,,0.515,,,
EVT_BB4052,2026-02-19T15:28:22.951615+00:00,0.515,,,0.515,,,
EVT_BB4052,2026-02-19T15:28:55.501284+00:00,0.515,,,0.515,,,
EVT_BB4052,2026-02-19T15:29:28.559142+00:00,0.515,,,0.515,,,
EVT_BB4052,2026-02-19T15:29:36.041507+00:00,0.515,,,0.515,,,
EVT_BB4052,2026-02-19T15:30:01.501243+00:00,0.515,,,0.515,,,
EVT_BB4052,2026-02-19T15:30:01.501243+00:00,0.515,,,0.515,,,
EVT_BB4052,2026-02-19T15:45:25.451584+00:00,0.515,,,0.515,,,
EVT_BB4052,2026-02-19T15:45:33.234146+00:00,0.515,,,0.515,,,
EVT_BB4052,2026-02-19T15:46:02.860508+00:00,0.515,,,0.515,,,
EVT_BB4052,2026-02-19T16:47:04.983141+00:00,0.51,,,0.51,,,
EVT_BB4052,2026-02-19T17:47:36.682403+00:00,0.51,,,0.51,,,
EVT_BB4052,2026-02-19T18:48:08.631743+00:00,0.51,,,0.51,,,
EVT_BB4052,2026-02-19T19:48:39.615668+00:00,0.51,,,0.51,,,
EVT_BB4052,2026-02-19T20:49:10.612509+00:00,0.51,,,0.51,,,
EVT_BB4052,2026-02-19T21:46:42.228227+00:00,0.51,,,0.51,,,
EVT_BB4052,2026-02-19T21:49:40.852536+00:00,0.51,,,0.51,,,
EVT_BB4052,2026-02-19T22:50:06.630212+00:00,0.515,,,0.515,,,
EVT_BB4052,2026-02-19T23:50:33.585099+00:00,0.515,,,0.515,,,
EVT_BB4052,2026-02-20T00:51:00.568393+00:00,0.505,,,0.505,,,
EVT_BB4052,2026-02-20T01:51:22.110646+00:00,0.505,,,0.505,,,
EVT_BB4052,2026-02-20T02:51:52.579078+00:00,0.505,,,0.505,,,
EVT_BB4052,2026-02-20T03:47:22.161520+00:00,0.505,,,0.505,,,
EVT_BB4052,2026-02-20T03:52:22.950322+00:00,0.505,,,0.505,,,
EVT_BB4052,2026-02-20T04:52:57.573707+00:00,0.505,,,0.505,,,
EVT_BB4052,2026-02-20T05:53:39.677051+00:00,0.505,,,0.505,,,
EVT_BB4052,2026-02-20T06:00:27.937762+00:00,0.505,,,0.505,,,
EVT_BB4052,2026-02-20T06:23:40.446551+00:00,0.505,,,0.505,,,
EVT_BB4052,2026-02-20T06:36:22.913738+00:00,0.505,,,0.505,,,
EVT_04CD6A,2026-02-19T09:19:50.422263+00:00,0.023,,,0.023,,,
EVT_04CD6A,2026-02-19T10:00:31.791256+00:00,0.023,,,0.023,,,
EVT_04CD6A,2026-02-19T10:20:24.946989+00:00,0.023,,,0.023,,,
EVT_04CD6A,2026-02-19T11:01:16.791355+00:00,0.023,,,0.023,,,
EVT_04CD6A,2026-02-19T11:20:28.146452+00:00,0.0245,,,0.0245,,,
EVT_04CD6A,2026-02-19T12:02:07.266014+00:00,0.0245,,,0.0245,,,
EVT_04CD6A,2026-02-19T12:21:03.994166+00:00,0.0225,,,0.0225,,,
EVT_04CD6A,2026-02-19T13:02:54.057543+00:00,0.0225,,,0.0225,,,
EVT_04CD6A,2026-02-19T13:21:57.883990+00:00,0.022,,,0.022,,,
EVT_04CD6A,2026-02-19T13:47:21.613838+00:00,0.022,,,0.022,,,
EVT_04CD6A,2026-02-19T14:03:38.311539+00:00,0.022,,,0.022,,,
EVT_04CD6A,2026-02-19T14:22:44.914252+00:00,0.19,,,0.19,,,
EVT_04CD6A,2026-02-19T14:23:39.572054+00:00,0.19,,,0.19,,,
EVT_04CD6A,2026-02-19T14:23:39.572054+00:00,0.19,,,0.19,,,
EVT_04CD6A,2026-02-19T14:23:39.572054+00:00,0.19,,,0.19,,,
EVT_04CD6A,2026-02-19T14:23:39.572054+00:00,0.19,,,0.19,,,
EVT_04CD6A,2026-02-19T15:04:26.268217+00:00,0.19,,,0.19,,,
EVT_04CD6A,2026-02-19T15:04:26.268217+00:00,0.19,,,0.19,,,
EVT_04CD6A,2026-02-19T15:04:26.268217+00:00,0.19,,,0.19,,,
EVT_04CD6A,2026-02-19T15:23:46.362448+00:00,0.19,,,0.19,,,
EVT_04CD6A,2026-02-19T15:23:46.362448+00:00,0.19,,,0.19,,,
EVT_04CD6A,2026-02-19T15:28:17.029779+00:00,0.19,,,0.19,,,
EVT_04CD6A,2026-02-19T15:28:22.951615+00:00,0.19,,,0.19,,,
EVT_04CD6A,2026-02-19T15:28:55.501284+00:00,0.19,,,0.19,,,
EVT_04CD6A,2026-02-19T15:29:28.559142+00:00,0.19,,,0.19,,,
EVT_04CD6A,2026-02-19T15:29:36.041507+00:00,0.19,,,0.19,,,
EVT_04CD6A,2026-02-19T15:30:01.501243+00:00,0.19,,,0.19,,,
EVT_04CD6A,2026-02-19T15:30:01.501243+00:00,0.19,,,0.19,,,
EVT_04CD6A,2026-02-19T15:45:25.451584+00:00,0.19,,,0.19,,,
EVT_04CD6A,2026-02-19T15:45:33.234146+00:00,0.19,,,0.19,,,
EVT_04CD6A,2026-02-19T15:46:02.860508+00:00,0.19,,,0.19,,,
EVT_04CD6A,2026-02-19T16:47:04.983141+00:00,0.19,,,0.19,,,
EVT_04CD6A,2026-02-19T17:47:36.682403+00:00,0.19,,,0.19,,,
EVT_04CD6A,2026-02-19T18:48:08.631743+00:00,0.2,,,0.2,,,
EVT_04CD6A,2026-02-19T19:48:39.615668+00:00,0.2,,,0.2,,,
EVT_04CD6A,2026-02-19T20:49:10.612509+00:00,0.22,,,0.22,,,
EVT_04CD6A,2026-02-19T21:46:42.228227+00:00,0.22,,,0.22,,,
EVT_04CD6A,2026-02-19T21:49:40.852536+00:00,0.215,,,0.215,,,
EVT_04CD6A,2026-02-19T22:50:06.630212+00:00,0.215,,,0.215,,,
EVT_04CD6A,2026-02-19T23:50:33.585099+00:00,0.215,,,0.215,,,
EVT_04CD6A,2026-02-20T00:51:00.568393+00:00,0.2,,,0.2,,,
EVT_04CD6A,2026-02-20T01:51:22.110646+00:00,0.2,,,0.2,,,
EVT_04CD6A,2026-02-20T02:51:52.579078+00:00,0.205,,,0.205,,,
EVT_04CD6A,2026-02-20T03:47:22.161520+00:00,0.205,,,0.205,,,
EVT_04CD6A,2026-02-20T03:52:22.950322+00:00,0.195,,,0.195,,,
EVT_04CD6A,2026-02-20T04:52:57.573707+00:00,0.205,,,0.205,,,
EVT_04CD6A,2026-02-20T05:53:39.677051+00:00,0.2,,,0.2,,,
EVT_04CD6A,2026-02-20T06:00:27.937762+00:00,0.2,,,0.2,,,
EVT_04CD6A,2026-02-20T06:23:40.446551+00:00,0.2,,,0.2,,,
EVT_04CD6A,2026-02-20T06:36:22.913738+00:00,0.2,,,0.2,,,
EVT_01697E,2026-02-19T09:19:50.422263+00:00,0.235,,,0.235,,,
EVT_01697E,2026-02-19T10:00:31.791256+00:00,0.235,,,0.235,,,
EVT_01697E,2026-02-19T10:20:24.946989+00:00,0.24,,,0.24,,,
EVT_01697E,2026-02-19T11:01:16.791355+00:00,0.24,,,0.24,,,
EVT_01697E,2026-02-19T11:20:28.146452+00:00,0.24,,,0.24,,,
EVT_01697E,2026-02-19T12:02:07.266014+00:00,0.24,,,0.24,,,
EVT_01697E,2026-02-19T12:21:03.994166+00:00,0.24,,,0.24,,,
EVT_01697E,2026-02-19T13:02:54.057543+00:00,0.24,,,0.24,,,
EVT_01697E,2026-02-19T13:21:57.883990+00:00,0.225,,,0.225,,,
EVT_01697E,2026-02-19T13:47:21.613838+00:00,0.225,,,0.225,,,
EVT_01697E,2026-02-19T14:03:38.311539+00:00,0.225,,,0.225,,,
EVT_01697E,2026-02-19T14:22:44.914252+00:00,0.23,,,0.23,,,
EVT_01697E,2026-02-19T14:23:39.572054+00:00,0.23,,,0.23,,,
EVT_01697E,2026-02-19T14:23:39.572054+00:00,0.23,,,0.23,,,
EVT_01697E,2026-02-19T14:23:39.572054+00:00,0.23,,,0.23,,,
EVT_01697E,2026-02-19T14:23:39.572054+00:00,0.23,,,0.23,,,
EVT_01697E,2026-02-19T15:04:26.268217+00:00,0.23,,,0.23,,,
EVT_01697E,2026-02-19T15:04:26.268217+00:00,0.23,,,0.23,,,
EVT_01697E,2026-02-19T15:04:26.268217+00:00,0.23,,,0.23,,,
EVT_01697E,2026-02-19T15:23:46.362448+00:00,0.23,,,0.23,,,
EVT_01697E,2026-02-19T15:23:46.362448+00:00,0.23,,,0.23,,,
EVT_01697E,2026-02-19T15:28:17.029779+00:00,0.23,,,0.23,,,
EVT_01697E,2026-02-19T15:28:22.951615+00:00,0.23,,,0.23,,,
EVT_01697E,2026-02-19T15:28:55.501284+00:00,0.23,,,0.23,,,
EVT_01697E,2026-02-19T15:29:28.559142+00:00,0.23,,,0.23,,,
EVT_01697E,2026-02-19T15:29:36.041507+00:00,0.23,,,0.23,,,
EVT_01697E,2026-02-19T15:30:01.501243+00:00,0.23,,,0.23,,,
EVT_01697E,2026-02-19T15:30:01.501243+00:00,0.23,,,0.23,,,
EVT_01697E,2026-02-19T15:45:25.451584+00:00,0.23,,,0.23,,,
EVT_01697E,2026-02-19T15:45:33.234146+00:00,0.23,,,0.23,,,
EVT_01697E,2026-02-19T15:46:02.860508+00:00,0.23,,,0.23,,,
EVT_01697E,2026-02-19T16:47:04.983141+00:00,0.225,,,0.225,,,
EVT_01697E,2026-02-19T17:47:36.682403+00:00,0.225,,,0.225,,,
EVT_01697E,2026-02-19T18:48:08.631743+00:00,0.225,,,0.225,,,
EVT_01697E,2026-02-19T19:48:39.615668+00:00,0.22,,,0.22,,,
EVT_01697E,2026-02-19T20:49:10.612509+00:00,0.215,,,0.215,,,
EVT_01697E,2026-02-19T21:46:42.228227+00:00,0.215,,,0.215,,,
EVT_01697E,2026-02-19T21:49:40.852536+00:00,0.215,,,0.215,,,
EVT_01697E,2026-02-19T22:50:06.630212+00:00,0.215,,,0.215,,,
EVT_01697E,2026-02-19T23:50:33.585099+00:00,0.22,,,0.22,,,
EVT_01697E,2026-02-20T00:51:00.568393+00:00,0.225,,,0.225,,,
EVT_01697E,2026-02-20T01:51:22.110646+00:00,0.225,,,0.225,,,
EVT_01697E,2026-02-20T02:51:52.579078+00:00,0.225,,,0.225,,,
EVT_01697E,2026-02-20T03:47:22.161520+00:00,0.225,,,0.225,,,
EVT_01697E,2026-02-20T03:52:22.950322+00:00,0.22,,,0.22,,,
EVT_01697E,2026-02-20T04:52:57.573707+00:00,0.22,,,0.22,,,
EVT_01697E,2026-02-20T05:53:39.677051+00:00,0.225,,,0.225,,,
EVT_01697E,2026-02-20T06:00:27.937762+00:00,0.225,,,0.225,,,
EVT_01697E,2026-02-20T06:23:40.446551+00:00,0.225,,,0.225,,,
EVT_01697E,2026-02-20T06:36:22.913738+00:00,0.225,,,0.225,,,
EVT_EA827A,2026-02-19T09:19:50.422263+00:00,0.946,,,0.946,,,
EVT_EA827A,2026-02-19T10:00:31.791256+00:00,0.946,,,0.946,,,
EVT_EA827A,2026-02-19T10:20:24.946989+00:00,0.9455,,,0.9455,,,
EVT_EA827A,2026-02-19T11:01:16.791355+00:00,0.9455,,,0.9455,,,
EVT_EA827A,2026-02-19T11:20:28.146452+00:00,0.9465,,,0.9465,,,
EVT_EA827A,2026-02-19T12:02:07.266014+00:00,0.9465,,,0.9465,,,
EVT_EA827A,2026-02-19T12:21:03.994166+00:00,0.946,,,0.946,,,
EVT_EA827A,2026-02-19T13:02:54.057543+00:00,0.946,,,0.946,,,
EVT_EA827A,2026-02-19T13:21:57.883990+00:00,0.944,,,0.944,,,
EVT_EA827A,2026-02-19T13:47:21.613838+00:00,0.944,,,0.944,,,
EVT_EA827A,2026-02-19T14:03:38.311539+00:00,0.944,,,0.944,,,
EVT_EA827A,2026-02-19T14:22:44.914252+00:00,0.9465,,,0.9465,,,
EVT_EA827A,2026-02-19T14:23:39.572054+00:00,0.9465,,,0.9465,,,
EVT_EA827A,2026-02-19T14:23:39.572054+00:00,0.9465,,,0.9465,,,
EVT_EA827A,2026-02-19T14:23:39.572054+00:00,0.9465,,,0.9465,,,
EVT_EA827A,2026-02-19T14:23:39.572054+00:00,0.9465,,,0.9465,,,
EVT_EA827A,2026-02-19T15:04:26.268217+00:00,0.9465,,,0.9465,,,
EVT_EA827A,2026-02-19T15:04:26.268217+00:00,0.9465,,,0.9465,,,
EVT_EA827A,2026-02-19T15:04:26.268217+00:00,0.9465,,,0.9465,,,
EVT_EA827A,2026-02-19T15:23:46.362448+00:00,0.9465,,,0.9465,,,
EVT_EA827A,2026-02-19T15:23:46.362448+00:00,0.9465,,,0.9465,,,
EVT_EA827A,2026-02-19T15:28:17.029779+00:00,0.9465,,,0.9465,,,
EVT_EA827A,2026-02-19T15:28:22.951615+00:00,0.9465,,,0.9465,,,
EVT_EA827A,2026-02-19T15:28:55.501284+00:00,0.9465,,,0.9465,,,
EVT_EA827A,2026-02-19T15:29:28.559142+00:00,0.9465,,,0.9465,,,
EVT_EA827A,2026-02-19T15:29:36.041507+00:00,0.9465,,,0.9465,,,
EVT_EA827A,2026-02-19T15:30:01.501243+00:00,0.9465,,,0.9465,,,
EVT_EA827A,2026-02-19T15:30:01.501243+00:00,0.9465,,,0.9465,,,
EVT_EA827A,2026-02-19T15:45:25.451584+00:00,0.9465,,,0.9465,,,
EVT_EA827A,2026-02-19T15:45:33.234146+00:00,0.9465,,,0.9465,,,
EVT_EA827A,2026-02-19T15:46:02.860508+00:00,0.9465,,,0.9465,,,
EVT_EA827A,2026-02-19T16:47:04.983141+00:00,0.9455,,,0.9455,,,
EVT_EA827A,2026-02-19T17:47:36.682403+00:00,0.944,,,0.944,,,
EVT_EA827A,2026-02-19T18:48:08.631743+00:00,0.9435,,,0.9435,,,
EVT_EA827A,2026-02-19T19:48:39.615668+00:00,0.942,,,0.942,,,
EVT_EA827A,2026-02-19T20:49:10.612509+00:00,0.943,,,0.943,,,
EVT_EA827A,2026-02-19T21:46:42.228227+00:00,0.943,,,0.943,,,
EVT_EA827A,2026-02-19T21:49:40.852536+00:00,0.941,,,0.941,,,
EVT_EA827A,2026-02-19T22:50:06.630212+00:00,0.942,,,0.942,,,
EVT_EA827A,2026-02-19T23:50:33.585099+00:00,0.9415,,,0.9415,,,
EVT_EA827A,2026-02-20T00:51:00.568393+00:00,0.942,,,0.942,,,
EVT_EA827A,2026-02-20T01:51:22.110646+00:00,0.9445,,,0.9445,,,
EVT_EA827A,2026-02-20T02:51:52.579078+00:00,0.9425,,,0.9425,,,
EVT_EA827A,2026-02-20T03:47:22.161520+00:00,0.9425,,,0.9425,,,
EVT_EA827A,2026-02-20T03:52:22.950322+00:00,0.9455,,,0.9455,,,
EVT_EA827A,2026-02-20T04:52:57.573707+00:00,0.9415,,,0.9415,,,
EVT_EA827A,2026-02-20T05:53:39.677051+00:00,0.942,,,0.942,,,
EVT_EA827A,2026-02-20T06:00:27.937762+00:00,0.942,,,0.942,,,
EVT_EA827A,2026-02-20T06:23:40.446551+00:00,0.942,,,0.942,,,
EVT_EA827A,2026-02-20T06:36:22.913738+00:00,0.942,,,0.942,,,
EVT_051E45,2026-02-19T09:19:50.422263+00:00,0.0075,,,0.0075,,,
EVT_051E45,2026-02-19T10:00:31.791256+00:00,0.0075,,,0.0075,,,
EVT_051E45,2026-02-19T10:20:24.946989+00:00,0.0075,,,0.0075,,,
EVT_051E45,2026-02-19T11:01:16.791355+00:00,0.0075,,,0.0075,,,
EVT_051E45,2026-02-19T11:20:28.146452+00:00,0.0075,,,0.0075,,,
EVT_051E45,2026-02-19T12:02:07.266014+00:00,0.0075,,,0.0075,,,
EVT_051E45,2026-02-19T12:21:03.994166+00:00,0.0075,,,0.0075,,,
EVT_051E45,2026-02-19T13:02:54.057543+00:00,0.0075,,,0.0075,,,
EVT_051E45,2026-02-19T13:21:57.883990+00:00,0.0075,,,0.0075,,,
EVT_051E45,2026-02-19T13:47:21.613838+00:00,0.0075,,,0.0075,,,
EVT_051E45,2026-02-19T14:03:38.311539+00:00,0.0075,,,0.0075,,,
EVT_051E45,2026-02-19T14:22:44.914252+00:00,0.925,,,0.925,,,
EVT_051E45,2026-02-19T14:23:39.572054+00:00,0.925,,,0.925,,,
EVT_051E45,2026-02-19T14:23:39.572054+00:00,0.925,,,0.925,,,
EVT_051E45,2026-02-19T14:23:39.572054+00:00,0.925,,,0.925,,,
EVT_051E45,2026-02-19T14:23:39.572054+00:00,0.925,,,0.925,,,
EVT_051E45,2026-02-19T15:04:26.268217+00:00,0.925,,,0.925,,,
EVT_051E45,2026-02-19T15:04:26.268217+00:00,0.925,,,0.925,,,
EVT_051E45,2026-02-19T15:04:26.268217+00:00,0.925,,,0.925,,,
EVT_051E45,2026-02-19T15:23:46.362448+00:00,0.925,,,0.925,,,
EVT_051E45,2026-02-19T15:23:46.362448+00:00,0.925,,,0.925,,,
EVT_051E45,2026-02-19T15:28:17.029779+00:00,0.925,,,0.925,,,
EVT_051E45,2026-02-19T15:28:22.951615+00:00,0.925,,,0.925,,,
EVT_051E45,2026-02-19T15:28:55.501284+00:00,0.925,,,0.925,,,
EVT_051E45,2026-02-19T15:29:28.559142+00:00,0.925,,,0.925,,,
EVT_051E45,2026-02-19T15:29:36.041507+00:00,0.925,,,0.925,,,
EVT_051E45,2026-02-19T15:30:01.501243+00:00,0.925,,,0.925,,,
EVT_051E45,2026-02-19T15:30:01.501243+00:00,0.925,,,0.925,,,
EVT_051E45,2026-02-19T15:45:25.451584+00:00,0.925,,,0.925,,,
EVT_051E45,2026-02-19T15:45:33.234146+00:00,0.925,,,0.925,,,
EVT_051E45,2026-02-19T15:46:02.860508+00:00,0.925,,,0.925,,,
EVT_051E45,2026-02-19T16:47:04.983141+00:00,0.925,,,0.925,,,
EVT_051E45,2026-02-19T17:47:36.682403+00:00,0.925,,,0.925,,,
EVT_051E45,2026-02-19T18:48:08.631743+00:00,0.925,,,0.925,,,
EVT_051E45,2026-02-19T19:48:39.615668+00:00,0.925,,,0.925,,,
EVT_051E45,2026-02-19T20:49:10.612509+00:00,0.925,,,0.925,,,
EVT_051E45,2026-02-19T21:46:42.228227+00:00,0.925,,,0.925,,,
EVT_051E45,2026-02-19T21:49:40.852536+00:00,0.925,,,0.925,,,
EVT_051E45,2026-02-19T22:50:06.630212+00:00,0.928,,,0.928,,,
EVT_051E45,2026-02-19T23:50:33.585099+00:00,0.9265,,,0.9265,,,
EVT_051E45,2026-02-20T00:51:00.568393+00:00,0.926,,,0.926,,,
EVT_051E45,2026-02-20T01:51:22.110646+00:00,0.9275,,,0.9275,,,
EVT_051E45,2026-02-20T02:51:52.579078+00:00,0.9275,,,0.9275,,,
EVT_051E45,2026-02-20T03:47:22.161520+00:00,0.9275,,,0.9275,,,
EVT_051E45,2026-02-20T03:52:22.950322+00:00,0.9275,,,0.9275,,,
EVT_051E45,2026-02-20T04:52:57.573707+00:00,0.9275,,,0.9275,,,
EVT_051E45,2026-02-20T05:53:39.677051+00:00,0.9285,,,0.9285,,,
EVT_051E45,2026-02-20T06:00:27.937762+00:00,0.9285,,,0.9285,,,
EVT_051E45,2026-02-20T06:23:40.446551+00:00,0.9285,,,0.9285,,,
EVT_051E45,2026-02-20T06:36:22.913738+00:00,0.9285,,,0.9285,,,
EVT_386D34,2026-02-19T09:19:50.422263+00:00,0.11,,,0.11,,,
EVT_386D34,2026-02-19T10:00:31.791256+00:00,0.11,,,0.11,,,
EVT_386D34,2026-02-19T10:20:24.946989+00:00,0.11,,,0.11,,,
EVT_386D34,2026-02-19T11:01:16.791355+00:00,0.11,,,0.11,,,
EVT_386D34,2026-02-19T11:20:28.146452+00:00,0.11,,,0.11,,,
EVT_386D34,2026-02-19T12:02:07.266014+00:00,0.11,,,0.11,,,
EVT_386D34,2026-02-19T12:21:03.994166+00:00,0.111,,,0.111,,,
EVT_386D34,2026-02-19T13:02:54.057543+00:00,0.111,,,0.111,,,
EVT_386D34,2026-02-19T13:21:57.883990+00:00,0.111,,,0.111,,,
EVT_386D34,2026-02-19T13:47:21.613838+00:00,0.111,,,0.111,,,
EVT_386D34,2026-02-19T14:03:38.311539+00:00,0.111,,,0.111,,,
EVT_386D34,2026-02-19T14:22:44.914252+00:00,0.11,,,0.11,,,
EVT_386D34,2026-02-19T14:23:39.572054+00:00,0.11,,,0.11,,,
EVT_386D34,2026-02-19T14:23:39.572054+00:00,0.11,,,0.11,,,
EVT_386D34,2026-02-19T14:23:39.572054+00:00,0.11,,,0.11,,,
EVT_386D34,2026-02-19T14:23:39.572054+00:00,0.11,,,0.11,,,
EVT_386D34,2026-02-19T15:04:26.268217+00:00,0.11,,,0.11,,,
EVT_386D34,2026-02-19T15:04:26.268217+00:00,0.11,,,0.11,,,
EVT_386D34,2026-02-19T15:04:26.268217+00:00,0.11,,,0.11,,,
EVT_386D34,2026-02-19T15:23:46.362448+00:00,0.107,,,0.107,,,
EVT_386D34,2026-02-19T15:23:46.362448+00:00,0.107,,,0.107,,,
EVT_386D34,2026-02-19T15:28:17.029779+00:00,0.107,,,0.107,,,
EVT_386D34,2026-02-19T15:28:22.951615+00:00,0.107,,,0.107,,,
EVT_386D34,2026-02-19T15:28:55.501284+00:00,0.107,,,0.107,,,
EVT_386D34,2026-02-19T15:29:28.559142+00:00,0.107,,,0.107,,,
EVT_386D34,2026-02-19T15:29:36.041507+00:00,0.107,,,0.107,,,
EVT_386D34,2026-02-19T15:30:01.501243+00:00,0.107,,,0.107,,,
EVT_386D34,2026-02-19T15:30:01.501243+00:00,0.107,,,0.107,,,
EVT_386D34,2026-02-19T15:45:25.451584+00:00,0.107,,,0.107,,,
EVT_386D34,2026-02-19T15:45:33.234146+00:00,0.107,,,0.107,,,
EVT_386D34,2026-02-19T15:46:02.860508+00:00,0.107,,,0.107,,,
EVT_386D34,2026-02-19T16:47:04.983141+00:00,0.0925,,,0.0925,,,
EVT_386D34,2026-02-19T17:47:36.682403+00:00,0.0835,,,0.0835,,,
EVT_386D34,2026-02-19T18:48:08.631743+00:00,0.0835,,,0.0835,,,
EVT_386D34,2026-02-19T19:48:39.615668+00:00,0.113,,,0.113,,,
EVT_386D34,2026-02-19T20:49:10.612509+00:00,0.114,,,0.114,,,
EVT_386D34,2026-02-19T21:46:42.228227+00:00,0.114,,,0.114,,,
EVT_386D34,2026-02-19T21:49:40.852536+00:00,0.102,,,0.102,,,
EVT_386D34,2026-02-19T22:50:06.630212+00:00,0.102,,,0.102,,,
EVT_386D34,2026-02-19T23:50:33.585099+00:00,0.102,,,0.102,,,
EVT_386D34,2026-02-20T00:51:00.568393+00:00,0.102,,,0.102,,,
EVT_386D34,2026-02-20T01:51:22.110646+00:00,0.102,,,0.102,,,
EVT_386D34,2026-02-20T02:51:52.579078+00:00,0.102,,,0.102,,,
EVT_386D34,2026-02-20T03:47:22.161520+00:00,0.102,,,0.102,,,
EVT_386D34,2026-02-20T03:52:22.950322+00:00,0.1025,,,0.1025,,,
EVT_386D34,2026-02-20T04:52:57.573707+00:00,0.1025,,,0.1025,,,
EVT_386D34,2026-02-20T05:53:39.677051+00:00,0.1025,,,0.1025,,,
EVT_386D34,2026-02-20T06:00:27.937762+00:00,0.1025,,,0.1025,,,
EVT_386D34,2026-02-20T06:23:40.446551+00:00,0.1025,,,0.1025,,,
EVT_386D34,2026-02-20T06:36:22.913738+00:00,0.1025,,,0.1025,,,
EVT_10FFEE,2026-02-19T09:19:50.422263+00:00,0.115,,,0.115,,,
EVT_10FFEE,2026-02-19T10:00:31.791256+00:00,0.115,,,0.115,,,
EVT_10FFEE,2026-02-19T10:20:24.946989+00:00,0.11,,,0.11,,,
EVT_10FFEE,2026-02-19T11:01:16.791355+00:00,0.11,,,0.11,,,
EVT_10FFEE,2026-02-19T11:20:28.146452+00:00,0.1,,,0.1,,,
EVT_10FFEE,2026-02-19T12:02:07.266014+00:00,0.1,,,0.1,,,
EVT_10FFEE,2026-02-19T12:21:03.994166+00:00,0.1,,,0.1,,,
EVT_10FFEE,2026-02-19T13:02:54.057543+00:00,0.1,,,0.1,,,
EVT_10FFEE,2026-02-19T13:21:57.883990+00:00,0.1,,,0.1,,,
EVT_10FFEE,2026-02-19T13:47:21.613838+00:00,0.1,,,0.1,,,
EVT_10FFEE,2026-02-19T14:03:38.311539+00:00,0.1,,,0.1,,,
EVT_10FFEE,2026-02-19T14:22:44.914252+00:00,0.295,,,0.295,,,
EVT_10FFEE,2026-02-19T14:23:39.572054+00:00,0.295,,,0.295,,,
EVT_10FFEE,2026-02-19T14:23:39.572054+00:00,0.295,,,0.295,,,
EVT_10FFEE,2026-02-19T14:23:39.572054+00:00,0.295,,,0.295,,,
EVT_10FFEE,2026-02-19T14:23:39.572054+00:00,0.295,,,0.295,,,
EVT_10FFEE,2026-02-19T15:04:26.268217+00:00,0.295,,,0.295,,,
EVT_10FFEE,2026-02-19T15:04:26.268217+00:00,0.295,,,0.295,,,
EVT_10FFEE,2026-02-19T15:04:26.268217+00:00,0.295,,,0.295,,,
EVT_10FFEE,2026-02-19T15:23:46.362448+00:00,0.295,,,0.295,,,
EVT_10FFEE,2026-02-19T15:23:46.362448+00:00,0.295,,,0.295,,,
EVT_10FFEE,2026-02-19T15:28:17.029779+00:00,0.295,,,0.295,,,
EVT_10FFEE,2026-02-19T15:28:22.951615+00:00,0.295,,,0.295,,,
EVT_10FFEE,2026-02-19T15:28:55.501284+00:00,0.295,,,0.295,,,
EVT_10FFEE,2026-02-19T15:29:28.559142+00:00,0.295,,,0.295,,,
EVT_10FFEE,2026-02-19T15:29:36.041507+00:00,0.295,,,0.295,,,
EVT_10FFEE,2026-02-19T15:30:01.501243+00:00,0.295,,,0.295,,,
EVT_10FFEE,2026-02-19T15:30:01.501243+00:00,0.295,,,0.295,,,
EVT_10FFEE,2026-02-19T15:45:25.451584+00:00,0.295,,,0.295,,,
EVT_10FFEE,2026-02-19T15:45:33.234146+00:00,0.295,,,0.295,,,
EVT_10FFEE,2026-02-19T15:46:02.860508+00:00,0.295,,,0.295,,,
EVT_10FFEE,2026-02-19T16:47:04.983141+00:00,0.295,,,0.295,,,
EVT_10FFEE,2026-02-19T17:47:36.682403+00:00,0.295,,,0.295,,,
EVT_10FFEE,2026-02-19T18:48:08.631743+00:00,0.295,,,0.295,,,
EVT_10FFEE,2026-02-19T19:48:39.615668+00:00,0.295,,,0.295,,,
EVT_10FFEE,2026-02-19T20:49:10.612509+00:00,0.3,,,0.3,,,
EVT_10FFEE,2026-02-19T21:46:42.228227+00:00,0.3,,,0.3,,,
EVT_10FFEE,2026-02-19T21:49:40.852536+00:00,0.3,,,0.3,,,
EVT_10FFEE,2026-02-19T22:50:06.630212+00:00,0.3,,,0.3,,,
EVT_10FFEE,2026-02-19T23:50:33.585099+00:00,0.3,,,0.3,,,
EVT_10FFEE,2026-02-20T00:51:00.568393+00:00,0.3,,,0.3,,,
EVT_10FFEE,2026-02-20T01:51:22.110646+00:00,0.29,,,0.29,,,
EVT_10FFEE,2026-02-20T02:51:52.579078+00:00,0.29,,,0.29,,,
EVT_10FFEE,2026-02-20T03:47:22.161520+00:00,0.29,,,0.29,,,
EVT_10FFEE,2026-02-20T03:52:22.950322+00:00,0.295,,,0.295,,,
EVT_10FFEE,2026-02-20T04:52:57.573707+00:00,0.29,,,0.29,,,
EVT_10FFEE,2026-02-20T05:53:39.677051+00:00,0.29,,,0.29,,,
EVT_10FFEE,2026-02-20T06:00:27.937762+00:00,0.29,,,0.29,,,
EVT_10FFEE,2026-02-20T06:23:40.446551+00:00,0.29,,,0.29,,,
EVT_10FFEE,2026-02-20T06:36:22.913738+00:00,0.29,,,0.29,,,
EVT_9EEDC0,2026-02-19T09:19:50.422263+00:00,0.275,,,0.275,,,
EVT_9EEDC0,2026-02-19T10:00:31.791256+00:00,0.29,,,0.29,,,
EVT_9EEDC0,2026-02-19T10:20:24.946989+00:00,0.29,,,0.29,,,
EVT_9EEDC0,2026-02-19T11:01:16.791355+00:00,0.285,,,0.285,,,
EVT_9EEDC0,2026-02-19T11:20:28.146452+00:00,0.285,,,0.285,,,
EVT_9EEDC0,2026-02-19T12:02:07.266014+00:00,0.275,,,0.275,,,
EVT_9EEDC0,2026-02-19T12:21:03.994166+00:00,0.275,,,0.275,,,
EVT_9EEDC0,2026-02-19T13:02:54.057543+00:00,0.275,,,0.275,,,
EVT_9EEDC0,2026-02-19T13:21:57.883990+00:00,0.275,,,0.275,,,
EVT_9EEDC0,2026-02-19T13:47:21.613838+00:00,0.275,,,0.275,,,
EVT_9EEDC0,2026-02-19T14:03:38.311539+00:00,0.285,,,0.285,,,
EVT_9EEDC0,2026-02-19T14:22:44.914252+00:00,0.285,,,0.285,,,
EVT_9EEDC0,2026-02-19T14:23:39.572054+00:00,0.285,,,0.285,,,
EVT_9EEDC0,2026-02-19T14:23:39.572054+00:00,0.285,,,0.285,,,
EVT_9EEDC0,2026-02-19T14:23:39.572054+00:00,0.285,,,0.285,,,
EVT_9EEDC0,2026-02-19T14:23:39.572054+00:00,0.285,,,0.285,,,
EVT_9EEDC0,2026-02-19T15:04:26.268217+00:00,0.235,,,0.235,,,
EVT_9EEDC0,2026-02-19T15:04:26.268217+00:00,0.235,,,0.235,,,
EVT_9EEDC0,2026-02-19T15:04:26.268217+00:00,0.235,,,0.235,,,
EVT_9EEDC0,2026-02-19T15:23:46.362448+00:00,0.235,,,0.235,,,
EVT_9EEDC0,2026-02-19T15:23:46.362448+00:00,0.235,,,0.235,,,
EVT_9EEDC0,2026-02-19T15:28:17.029779+00:00,0.235,,,0.235,,,
EVT_9EEDC0,2026-02-19T15:28:22.951615+00:00,0.235,,,0.235,,,
EVT_9EEDC0,2026-02-19T15:28:55.501284+00:00,0.235,,,0.235,,,
EVT_9EEDC0,2026-02-19T15:29:28.559142+00:00,0.235,,,0.235,,,
EVT_9EEDC0,2026-02-19T15:29:36.041507+00:00,0.235,,,0.235,,,
EVT_9EEDC0,2026-02-19T15:30:01.501243+00:00,0.235,,,0.235,,,
EVT_9EEDC0,2026-02-19T15:30:01.501243+00:00,0.235,,,0.235,,,
EVT_9EEDC0,2026-02-19T15:45:25.451584+00:00,0.235,,,0.235,,,
EVT_9EEDC0,2026-02-19T15:45:33.234146+00:00,0.235,,,0.235,,,
EVT_9EEDC0,2026-02-19T15:46:02.860508+00:00,0.235,,,0.235,,,
EVT_9EEDC0,2026-02-19T16:47:04.983141+00:00,0.235,,,0.235,,,
EVT_9EEDC0,2026-02-19T17:47:36.682403+00:00,0.225,,,0.225,,,
EVT_9EEDC0,2026-02-19T18:48:08.631743+00:00,0.215,,,0.215,,,
EVT_9EEDC0,2026-02-19T19:48:39.615668+00:00,0.22,,,0.22,,,
EVT_9EEDC0,2026-02-19T20:49:10.612509+00:00,0.235,,,0.235,,,
EVT_9EEDC0,2026-02-19T21:46:42.228227+00:00,0.235,,,0.235,,,
EVT_9EEDC0,2026-02-19T21:49:40.852536+00:00,0.235,,,0.235,,,
EVT_9EEDC0,2026-02-19T22:50:06.630212+00:00,0.235,,,0.235,,,
EVT_9EEDC0,2026-02-19T23:50:33.585099+00:00,0.225,,,0.225,,,
EVT_9EEDC0,2026-02-20T00:51:00.568393+00:00,0.21,,,0.21,,,
EVT_9EEDC0,2026-02-20T01:51:22.110646+00:00,0.185,,,0.185,,,
EVT_9EEDC0,2026-02-20T02:51:52.579078+00:00,0.175,,,0.175,,,
EVT_9EEDC0,2026-02-20T03:47:22.161520+00:00,0.175,,,0.175,,,
EVT_9EEDC0,2026-02-20T03:52:22.950322+00:00,0.195,,,0.195,,,
EVT_9EEDC0,2026-02-20T04:52:57.573707+00:00,0.195,,,0.195,,,
EVT_9EEDC0,2026-02-20T05:53:39.677051+00:00,0.18,,,0.18,,,
EVT_9EEDC0,2026-02-20T06:00:27.937762+00:00,0.18,,,0.18,,,
EVT_9EEDC0,2026-02-20T06:23:40.446551+00:00,0.18,,,0.18,,,
EVT_9EEDC0,2026-02-20T06:36:22.913738+00:00,0.18,,,0.18,,,
EVT_606C42,2026-02-19T09:19:50.422263+00:00,0.25,,,0.25,,,
EVT_606C42,2026-02-19T10:00:31.791256+00:00,0.29,,,0.29,,,
EVT_606C42,2026-02-19T10:20:24.946989+00:00,0.29,,,0.29,,,
EVT_606C42,2026-02-19T11:01:16.791355+00:00,0.285,,,0.285,,,
EVT_606C42,2026-02-19T11:20:28.146452+00:00,0.285,,,0.285,,,
EVT_606C42,2026-02-19T12:02:07.266014+00:00,0.285,,,0.285,,,
EVT_606C42,2026-02-19T12:21:03.994166+00:00,0.285,,,0.285,,,
EVT_606C42,2026-02-19T13:02:54.057543+00:00,0.285,,,0.285,,,
EVT_606C42,2026-02-19T13:21:57.883990+00:00,0.285,,,0.285,,,
EVT_606C42,2026-02-19T13:47:21.613838+00:00,0.285,,,0.285,,,
EVT_606C42,2026-02-19T14:03:38.311539+00:00,0.235,,,0.235,,,
EVT_606C42,2026-02-19T14:22:44.914252+00:00,0.235,,,0.235,,,
EVT_606C42,2026-02-19T14:23:39.572054+00:00,0.235,,,0.235,,,
EVT_606C42,2026-02-19T14:23:39.572054+00:00,0.235,,,0.235,,,
EVT_606C42,2026-02-19T14:23:39.572054+00:00,0.235,,,0.235,,,
EVT_606C42,2026-02-19T14:23:39.572054+00:00,0.235,,,0.235,,,
EVT_606C42,2026-02-19T15:04:26.268217+00:00,0.255,,,0.255,,,
EVT_606C42,2026-02-19T15:04:26.268217+00:00,0.255,,,0.255,,,
EVT_606C42,2026-02-19T15:04:26.268217+00:00,0.255,,,0.255,,,
EVT_606C42,2026-02-19T15:23:46.362448+00:00,0.255,,,0.255,,,
EVT_606C42,2026-02-19T15:23:46.362448+00:00,0.255,,,0.255,,,
EVT_606C42,2026-02-19T15:28:17.029779+00:00,0.255,,,0.255,,,
EVT_606C42,2026-02-19T15:28:22.951615+00:00,0.255,,,0.255,,,
EVT_606C42,2026-02-19T15:28:55.501284+00:00,0.255,,,0.255,,,
EVT_606C42,2026-02-19T15:29:28.559142+00:00,0.255,,,0.255,,,
EVT_606C42,2026-02-19T15:29:36.041507+00:00,0.255,,,0.255,,,
EVT_606C42,2026-02-19T15:30:01.501243+00:00,0.255,,,0.255,,,
EVT_606C42,2026-02-19T15:30:01.501243+00:00,0.255,,,0.255,,,
EVT_606C42,2026-02-19T15:45:25.451584+00:00,0.255,,,0.255,,,
EVT_606C42,2026-02-19T15:45:33.234146+00:00,0.255,,,0.255,,,
EVT_606C42,2026-02-19T15:46:02.860508+00:00,0.255,,,0.255,,,
EVT_606C42,2026-02-19T16:47:04.983141+00:00,0.24,,,0.24,,,
EVT_606C42,2026-02-19T17:47:36.682403+00:00,0.245,,,0.245,,,
EVT_606C42,2026-02-19T18:48:08.631743+00:00,0.215,,,0.215,,,
EVT_606C42,2026-02-19T19:48:39.615668+00:00,0.205,,,0.205,,,
EVT_606C42,2026-02-19T20:49:10.612509+00:00,0.205,,,0.205,,,
EVT_606C42,2026-02-19T21:46:42.228227+00:00,0.205,,,0.205,,,
EVT_606C42,2026-02-19T21:49:40.852536+00:00,0.205,,,0.205,,,
EVT_606C42,2026-02-19T22:50:06.630212+00:00,0.195,,,0.195,,,
EVT_606C42,2026-02-19T23:50:33.585099+00:00,0.165,,,0.165,,,
EVT_606C42,2026-02-20T00:51:00.568393+00:00,0.155,,,0.155,,,
EVT_606C42,2026-02-20T01:51:22.110646+00:00,0.17,,,0.17,,,
EVT_606C42,2026-02-20T02:51:52.579078+00:00,0.175,,,0.175,,,
EVT_606C42,2026-02-20T03:47:22.161520+00:00,0.175,,,0.175,,,
EVT_606C42,2026-02-20T03:52:22.950322+00:00,0.17,,,0.17,,,
EVT_606C42,2026-02-20T04:52:57.573707+00:00,0.165,,,0.165,,,
EVT_606C42,2026-02-20T05:53:39.677051+00:00,0.165,,,0.165,,,
EVT_606C42,2026-02-20T06:00:27.937762+00:00,0.165,,,0.165,,,
EVT_606C42,2026-02-20T06:23:40.446551+00:00,0.165,,,0.165,,,
EVT_606C42,2026-02-20T06:36:22.913738+00:00,0.165,,,0.165,,,
EVT_130A64,2026-02-19T09:19:50.422263+00:00,0.345,,,0.345,,,
EVT_130A64,2026-02-19T10:00:31.791256+00:00,0.345,,,0.345,,,
EVT_130A64,2026-02-19T10:20:24.946989+00:00,0.345,,,0.345,,,
EVT_130A64,2026-02-19T11:01:16.791355+00:00,0.345,,,0.345,,,
EVT_130A64,2026-02-19T11:20:28.146452+00:00,0.345,,,0.345,,,
EVT_130A64,2026-02-19T12:02:07.266014+00:00,0.345,,,0.345,,,
EVT_130A64,2026-02-19T12:21:03.994166+00:00,0.345,,,0.345,,,
EVT_130A64,2026-02-19T13:02:54.057543+00:00,0.345,,,0.345,,,
EVT_130A64,2026-02-19T13:21:57.883990+00:00,0.345,,,0.345,,,
EVT_130A64,2026-02-19T13:47:21.613838+00:00,0.345,,,0.345,,,
EVT_130A64,2026-02-19T14:03:38.311539+00:00,0.345,,,0.345,,,
EVT_130A64,2026-02-19T14:22:44.914252+00:00,0.345,,,0.345,,,
EVT_130A64,2026-02-19T14:23:39.572054+00:00,0.345,,,0.345,,,
EVT_130A64,2026-02-19T14:23:39.572054+00:00,0.345,,,0.345,,,
EVT_130A64,2026-02-19T14:23:39.572054+00:00,0.345,,,0.345,,,
EVT_130A64,2026-02-19T14:23:39.572054+00:00,0.345,,,0.345,,,
EVT_130A64,2026-02-19T15:04:26.268217+00:00,0.35,,,0.35,,,
EVT_130A64,2026-02-19T15:04:26.268217+00:00,0.35,,,0.35,,,
EVT_130A64,2026-02-19T15:04:26.268217+00:00,0.35,,,0.35,,,
EVT_130A64,2026-02-19T15:23:46.362448+00:00,0.35,,,0.35,,,
EVT_130A64,2026-02-19T15:23:46.362448+00:00,0.35,,,0.35,,,
EVT_130A64,2026-02-19T15:28:17.029779+00:00,0.35,,,0.35,,,
EVT_130A64,2026-02-19T15:28:22.951615+00:00,0.35,,,0.35,,,
EVT_130A64,2026-02-19T15:28:55.501284+00:00,0.35,,,0.35,,,
EVT_130A64,2026-02-19T15:29:28.559142+00:00,0.35,,,0.35,,,
EVT_130A64,2026-02-19T15:29:36.041507+00:00,0.35,,,0.35,,,
EVT_130A64,2026-02-19T15:30:01.501243+00:00,0.35,,,0.35,,,
EVT_130A64,2026-02-19T15:30:01.501243+00:00,0.35,,,0.35,,,
EVT_130A64,2026-02-19T15:45:25.451584+00:00,0.35,,,0.35,,,
EVT_130A64,2026-02-19T15:45:33.234146+00:00,0.35,,,0.35,,,
EVT_130A64,2026-02-19T15:46:02.860508+00:00,0.35,,,0.35,,,
EVT_130A64,2026-02-19T16:47:04.983141+00:00,0.355,,,0.355,,,
EVT_130A64,2026-02-19T17:47:36.682403+00:00,0.35,,,0.35,,,
EVT_130A64,2026-02-19T18:48:08.631743+00:00,0.345,,,0.345,,,
EVT_130A64,2026-02-19T19:48:39.615668+00:00,0.335,,,0.335,,,
EVT_130A64,2026-02-19T20:49:10.612509+00:00,0.335,,,0.335,,,
EVT_130A64,2026-02-19T21:46:42.228227+00:00,0.335,,,0.335,,,
EVT_130A64,2026-02-19T21:49:40.852536+00:00,0.335,,,0.335,,,
EVT_130A64,2026-02-19T22:50:06.630212+00:00,0.335,,,0.335,,,
EVT_130A64,2026-02-19T23:50:33.585099+00:00,0.345,,,0.345,,,
EVT_130A64,2026-02-20T00:51:00.568393+00:00,0.345,,,0.345,,,
EVT_130A64,2026-02-20T01:51:22.110646+00:00,0.345,,,0.345,,,
EVT_130A64,2026-02-20T02:51:52.579078+00:00,0.345,,,0.345,,,
EVT_130A64,2026-02-20T03:47:22.161520+00:00,0.345,,,0.345,,,
EVT_130A64,2026-02-20T03:52:22.950322+00:00,0.345,,,0.345,,,
EVT_130A64,2026-02-20T04:52:57.573707+00:00,0.345,,,0.345,,,
EVT_130A64,2026-02-20T05:53:39.677051+00:00,0.345,,,0.345,,,
EVT_130A64,2026-02-20T06:00:27.937762+00:00,0.345,,,0.345,,,
EVT_130A64,2026-02-20T06:23:40.446551+00:00,0.345,,,0.345,,,
EVT_130A64,2026-02-20T06:36:22.913738+00:00,0.345,,,0.345,,,
EVT_201A28,2026-02-19T09:19:50.422263+00:00,0.34,,,0.34,,,
EVT_201A28,2026-02-19T10:00:31.791256+00:00,0.34,,,0.34,,,
EVT_201A28,2026-02-19T10:20:24.946989+00:00,0.34,,,0.34,,,
EVT_201A28,2026-02-19T11:01:16.791355+00:00,0.34,,,0.34,,,
EVT_201A28,2026-02-19T11:20:28.146452+00:00,0.34,,,0.34,,,
EVT_201A28,2026-02-19T12:02:07.266014+00:00,0.34,,,0.34,,,
EVT_201A28,2026-02-19T12:21:03.994166+00:00,0.34,,,0.34,,,
EVT_201A28,2026-02-19T13:02:54.057543+00:00,0.34,,,0.34,,,
EVT_201A28,2026-02-19T13:21:57.883990+00:00,0.34,,,0.34,,,
EVT_201A28,2026-02-19T13:47:21.613838+00:00,0.34,,,0.34,,,
EVT_201A28,2026-02-19T14:03:38.311539+00:00,0.175,,,0.175,,,
EVT_201A28,2026-02-19T14:22:44.914252+00:00,0.175,,,0.175,,,
EVT_201A28,2026-02-19T14:23:39.572054+00:00,0.175,,,0.175,,,
EVT_201A28,2026-02-19T14:23:39.572054+00:00,0.175,,,0.175,,,
EVT_201A28,2026-02-19T14:23:39.572054+00:00,0.175,,,0.175,,,
EVT_201A28,2026-02-19T14:23:39.572054+00:00,0.175,,,0.175,,,
EVT_201A28,2026-02-19T15:04:26.268217+00:00,0.175,,,0.175,,,
EVT_201A28,2026-02-19T15:04:26.268217+00:00,0.175,,,0.175,,,
EVT_201A28,2026-02-19T15:04:26.268217+00:00,0.175,,,0.175,,,
EVT_201A28,2026-02-19T15:23:46.362448+00:00,0.175,,,0.175,,,
EVT_201A28,2026-02-19T15:23:46.362448+00:00,0.175,,,0.175,,,
EVT_201A28,2026-02-19T15:28:17.029779+00:00,0.175,,,0.175,,,
EVT_201A28,2026-02-19T15:28:22.951615+00:00,0.175,,,0.175,,,
EVT_201A28,2026-02-19T15:28:55.501284+00:00,0.175,,,0.175,,,
EVT_201A28,2026-02-19T15:29:28.559142+00:00,0.175,,,0.175,,,
EVT_201A28,2026-02-19T15:29:36.041507+00:00,0.175,,,0.175,,,
EVT_201A28,2026-02-19T15:30:01.501243+00:00,0.175,,,0.175,,,
EVT_201A28,2026-02-19T15:30:01.501243+00:00,0.175,,,0.175,,,
EVT_201A28,2026-02-19T15:45:25.451584+00:00,0.175,,,0.175,,,
EVT_201A28,2026-02-19T15:45:33.234146+00:00,0.175,,,0.175,,,
EVT_201A28,2026-02-19T15:46:02.860508+00:00,0.175,,,0.175,,,
EVT_201A28,2026-02-19T16:47:04.983141+00:00,0.175,,,0.175,,,
EVT_201A28,2026-02-19T17:47:36.682403+00:00,0.175,,,0.175,,,
EVT_201A28,2026-02-19T18:48:08.631743+00:00,0.175,,,0.175,,,
EVT_201A28,2026-02-19T19:48:39.615668+00:00,0.175,,,0.175,,,
EVT_201A28,2026-02-19T20:49:10.612509+00:00,0.175,,,0.175,,,
EVT_201A28,2026-02-19T21:46:42.228227+00:00,0.175,,,0.175,,,
EVT_201A28,2026-02-19T21:49:40.852536+00:00,0.175,,,0.175,,,
EVT_201A28,2026-02-19T22:50:06.630212+00:00,0.175,,,0.175,,,
EVT_201A28,2026-02-19T23:50:33.585099+00:00,0.175,,,0.175,,,
EVT_201A28,2026-02-20T00:51:00.568393+00:00,0.175,,,0.175,,,
EVT_201A28,2026-02-20T01:51:22.110646+00:00,0.175,,,0.175,,,
EVT_201A28,2026-02-20T02:51:52.579078+00:00,0.175,,,0.175,,,
EVT_201A28,2026-02-20T03:47:22.161520+00:00,0.175,,,0.175,,,
EVT_201A28,2026-02-20T03:52:22.950322+00:00,0.18,,,0.18,,,
EVT_201A28,2026-02-20T04:52:57.573707+00:00,0.18,,,0.18,,,
EVT_201A28,2026-02-20T05:53:39.677051+00:00,0.18,,,0.18,,,
EVT_201A28,2026-02-20T06:00:27.937762+00:00,0.18,,,0.18,,,
EVT_201A28,2026-02-20T06:23:40.446551+00:00,0.18,,,0.18,,,
EVT_201A28,2026-02-20T06:36:22.913738+00:00,0.18,,,0.18,,,
EVT_C86737,2026-02-19T09:19:50.422263+00:00,0.0205,,,0.0205,,,
EVT_C86737,2026-02-19T10:00:31.791256+00:00,0.0205,,,0.0205,,,
EVT_C86737,2026-02-19T10:20:24.946989+00:00,0.0205,,,0.0205,,,
EVT_C86737,2026-02-19T11:01:16.791355+00:00,0.0205,,,0.0205,,,
EVT_C86737,2026-02-19T11:20:28.146452+00:00,0.0205,,,0.0205,,,
EVT_C86737,2026-02-19T12:02:07.266014+00:00,0.018,,,0.018,,,
EVT_C86737,2026-02-19T12:21:03.994166+00:00,0.018,,,0.018,,,
EVT_C86737,2026-02-19T13:02:54.057543+00:00,0.0165,,,0.0165,,,
EVT_C86737,2026-02-19T13:21:57.883990+00:00,0.0165,,,0.0165,,,
EVT_C86737,2026-02-19T13:47:21.613838+00:00,0.0165,,,0.0165,,,
EVT_C86737,2026-02-19T14:03:38.311539+00:00,0.13,,,0.13,,,
EVT_C86737,2026-02-19T14:22:44.914252+00:00,0.13,,,0.13,,,
EVT_C86737,2026-02-19T14:23:39.572054+00:00,0.13,,,0.13,,,
EVT_C86737,2026-02-19T14:23:39.572054+00:00,0.13,,,0.13,,,
EVT_C86737,2026-02-19T14:23:39.572054+00:00,0.13,,,0.13,,,
EVT_C86737,2026-02-19T14:23:39.572054+00:00,0.13,,,0.13,,,
EVT_C86737,2026-02-19T15:04:26.268217+00:00,0.13,,,0.13,,,
EVT_C86737,2026-02-19T15:04:26.268217+00:00,0.13,,,0.13,,,
EVT_C86737,2026-02-19T15:04:26.268217+00:00,0.13,,,0.13,,,
EVT_C86737,2026-02-19T15:23:46.362448+00:00,0.13,,,0.13,,,
EVT_C86737,2026-02-19T15:23:46.362448+00:00,0.13,,,0.13,,,
EVT_C86737,2026-02-19T15:28:17.029779+00:00,0.13,,,0.13,,,
EVT_C86737,2026-02-19T15:28:22.951615+00:00,0.13,,,0.13,,,
EVT_C86737,2026-02-19T15:28:55.501284+00:00,0.13,,,0.13,,,
EVT_C86737,2026-02-19T15:29:28.559142+00:00,0.13,,,0.13,,,
EVT_C86737,2026-02-19T15:29:36.041507+00:00,0.13,,,0.13,,,
EVT_C86737,2026-02-19T15:30:01.501243+00:00,0.13,,,0.13,,,
EVT_C86737,2026-02-19T15:30:01.501243+00:00,0.13,,,0.13,,,
EVT_C86737,2026-02-19T15:45:25.451584+00:00,0.13,,,0.13,,,
EVT_C86737,2026-02-19T15:45:33.234146+00:00,0.13,,,0.13,,,
EVT_C86737,2026-02-19T15:46:02.860508+00:00,0.13,,,0.13,,,
EVT_C86737,2026-02-19T16:47:04.983141+00:00,0.13,,,0.13,,,
EVT_C86737,2026-02-19T17:47:36.682403+00:00,0.115,,,0.115,,,
EVT_C86737,2026-02-19T18:48:08.631743+00:00,0.125,,,0.125,,,
EVT_C86737,2026-02-19T19:48:39.615668+00:00,0.125,,,0.125,,,
EVT_C86737,2026-02-19T20:49:10.612509+00:00,0.125,,,0.125,,,
EVT_C86737,2026-02-19T21:46:42.228227+00:00,0.125,,,0.125,,,
EVT_C86737,2026-02-19T21:49:40.852536+00:00,0.125,,,0.125,,,
EVT_C86737,2026-02-19T22:50:06.630212+00:00,0.14,,,0.14,,,
EVT_C86737,2026-02-19T23:50:33.585099+00:00,0.145,,,0.145,,,
EVT_C86737,2026-02-20T00:51:00.568393+00:00,0.15,,,0.15,,,
EVT_C86737,2026-02-20T01:51:22.110646+00:00,0.145,,,0.145,,,
EVT_C86737,2026-02-20T02:51:52.579078+00:00,0.145,,,0.145,,,
EVT_C86737,2026-02-20T03:47:22.161520+00:00,0.145,,,0.145,,,
EVT_C86737,2026-02-20T03:52:22.950322+00:00,0.145,,,0.145,,,
EVT_C86737,2026-02-20T04:52:57.573707+00:00,0.145,,,0.145,,,
EVT_C86737,2026-02-20T05:53:39.677051+00:00,0.145,,,0.145,,,
EVT_C86737,2026-02-20T06:00:27.937762+00:00,0.145,,,0.145,,,
EVT_C86737,2026-02-20T06:23:40.446551+00:00,0.145,,,0.145,,,
EVT_C86737,2026-02-20T06:36:22.913738+00:00,0.145,,,0.145,,,
EVT_9C28F9,2026-02-19T09:19:50.422263+00:00,0.445,,,0.445,,,
EVT_9C28F9,2026-02-19T10:00:31.791256+00:00,0.485,,,0.485,,,
EVT_9C28F9,2026-02-19T10:20:24.946989+00:00,0.485,,,0.485,,,
EVT_9C28F9,2026-02-19T11:01:16.791355+00:00,0.485,,,0.485,,,
EVT_9C28F9,2026-02-19T11:20:28.146452+00:00,0.485,,,0.485,,,
EVT_9C28F9,2026-02-19T12:02:07.266014+00:00,0.475,,,0.475,,,
EVT_9C28F9,2026-02-19T12:21:03.994166+00:00,0.475,,,0.475,,,
EVT_9C28F9,2026-02-19T13:02:54.057543+00:00,0.485,,,0.485,,,
EVT_9C28F9,2026-02-19T13:21:57.883990+00:00,0.485,,,0.485,,,
EVT_9C28F9,2026-02-19T13:47:21.613838+00:00,0.485,,,0.485,,,
EVT_9C28F9,2026-02-19T14:03:38.311539+00:00,0.5,,,0.5,,,
EVT_9C28F9,2026-02-19T14:22:44.914252+00:00,0.5,,,0.5,,,
EVT_9C28F9,2026-02-19T14:23:39.572054+00:00,0.5,,,0.5,,,
EVT_9C28F9,2026-02-19T14:23:39.572054+00:00,0.5,,,0.5,,,
EVT_9C28F9,2026-02-19T14:23:39.572054+00:00,0.5,,,0.5,,,
EVT_9C28F9,2026-02-19T14:23:39.572054+00:00,0.5,,,0.5,,,
EVT_9C28F9,2026-02-19T15:04:26.268217+00:00,0.505,,,0.505,,,
EVT_9C28F9,2026-02-19T15:04:26.268217+00:00,0.505,,,0.505,,,
EVT_9C28F9,2026-02-19T15:04:26.268217+00:00,0.505,,,0.505,,,
EVT_9C28F9,2026-02-19T15:23:46.362448+00:00,0.505,,,0.505,,,
EVT_9C28F9,2026-02-19T15:23:46.362448+00:00,0.505,,,0.505,,,
EVT_9C28F9,2026-02-19T15:28:17.029779+00:00,0.505,,,0.505,,,
EVT_9C28F9,2026-02-19T15:28:22.951615+00:00,0.505,,,0.505,,,
EVT_9C28F9,2026-02-19T15:28:55.501284+00:00,0.505,,,0.505,,,
EVT_9C28F9,2026-02-19T15:29:28.559142+00:00,0.505,,,0.505,,,
EVT_9C28F9,2026-02-19T15:29:36.041507+00:00,0.505,,,0.505,,,
EVT_9C28F9,2026-02-19T15:30:01.501243+00:00,0.505,,,0.505,,,
EVT_9C28F9,2026-02-19T15:30:01.501243+00:00,0.505,,,0.505,,,
EVT_9C28F9,2026-02-19T15:45:25.451584+00:00,0.505,,,0.505,,,
EVT_9C28F9,2026-02-19T15:45:33.234146+00:00,0.505,,,0.505,,,
EVT_9C28F9,2026-02-19T15:46:02.860508+00:00,0.505,,,0.505,,,
EVT_9C28F9,2026-02-19T16:47:04.983141+00:00,0.475,,,0.475,,,
EVT_9C28F9,2026-02-19T17:47:36.682403+00:00,0.445,,,0.445,,,
EVT_9C28F9,2026-02-19T18:48:08.631743+00:00,0.445,,,0.445,,,
EVT_9C28F9,2026-02-19T19:48:39.615668+00:00,0.445,,,0.445,,,
EVT_9C28F9,2026-02-19T20:49:10.612509+00:00,0.455,,,0.455,,,
EVT_9C28F9,2026-02-19T21:46:42.228227+00:00,0.455,,,0.455,,,
EVT_9C28F9,2026-02-19T21:49:40.852536+00:00,0.46,,,0.46,,,
EVT_9C28F9,2026-02-19T22:50:06.630212+00:00,0.465,,,0.465,,,
EVT_9C28F9,2026-02-19T23:50:33.585099+00:00,0.46,,,0.46,,,
EVT_9C28F9,2026-02-20T00:51:00.568393+00:00,0.445,,,0.445,,,
EVT_9C28F9,2026-02-20T01:51:22.110646+00:00,0.445,,,0.445,,,
EVT_9C28F9,2026-02-20T02:51:52.579078+00:00,0.445,,,0.445,,,
EVT_9C28F9,2026-02-20T03:47:22.161520+00:00,0.445,,,0.445,,,
EVT_9C28F9,2026-02-20T03:52:22.950322+00:00,0.445,,,0.445,,,
EVT_9C28F9,2026-02-20T04:52:57.573707+00:00,0.445,,,0.445,,,
EVT_9C28F9,2026-02-20T05:53:39.677051+00:00,0.445,,,0.445,,,
EVT_9C28F9,2026-02-20T06:00:27.937762+00:00,0.445,,,0.445,,,
EVT_9C28F9,2026-02-20T06:23:40.446551+00:00,0.445,,,0.445,,,
EVT_9C28F9,2026-02-20T06:36:22.913738+00:00,0.445,,,0.445,,,
EVT_090914,2026-02-19T09:19:50.422263+00:00,0.22,,,0.22,,,
EVT_090914,2026-02-19T10:00:31.791256+00:00,0.22,,,0.22,,,
EVT_090914,2026-02-19T10:20:24.946989+00:00,0.22,,,0.22,,,
EVT_090914,2026-02-19T11:01:16.791355+00:00,0.22,,,0.22,,,
EVT_090914,2026-02-19T11:20:28.146452+00:00,0.22,,,0.22,,,
EVT_090914,2026-02-19T12:02:07.266014+00:00,0.22,,,0.22,,,
EVT_090914,2026-02-19T12:21:03.994166+00:00,0.22,,,0.22,,,
EVT_090914,2026-02-19T13:02:54.057543+00:00,0.22,,,0.22,,,
EVT_090914,2026-02-19T13:21:57.883990+00:00,0.22,,,0.22,,,
EVT_090914,2026-02-19T13:47:21.613838+00:00,0.22,,,0.22,,,
EVT_090914,2026-02-19T14:03:38.311539+00:00,0.22,,,0.22,,,
EVT_090914,2026-02-19T14:22:44.914252+00:00,0.22,,,0.22,,,
EVT_090914,2026-02-19T14:23:39.572054+00:00,0.22,,,0.22,,,
EVT_090914,2026-02-19T14:23:39.572054+00:00,0.22,,,0.22,,,
EVT_090914,2026-02-19T14:23:39.572054+00:00,0.22,,,0.22,,,
EVT_090914,2026-02-19T14:23:39.572054+00:00,0.22,,,0.22,,,
EVT_090914,2026-02-19T15:04:26.268217+00:00,0.22,,,0.22,,,
EVT_090914,2026-02-19T15:04:26.268217+00:00,0.22,,,0.22,,,
EVT_090914,2026-02-19T15:04:26.268217+00:00,0.22,,,0.22,,,
EVT_090914,2026-02-19T15:23:46.362448+00:00,0.225,,,0.225,,,
EVT_090914,2026-02-19T15:23:46.362448+00:00,0.225,,,0.225,,,
EVT_090914,2026-02-19T15:28:17.029779+00:00,0.225,,,0.225,,,
EVT_090914,2026-02-19T15:28:22.951615+00:00,0.225,,,0.225,,,
EVT_090914,2026-02-19T15:28:55.501284+00:00,0.225,,,0.225,,,
EVT_090914,2026-02-19T15:29:28.559142+00:00,0.225,,,0.225,,,
EVT_090914,2026-02-19T15:29:36.041507+00:00,0.225,,,0.225,,,
EVT_090914,2026-02-19T15:30:01.501243+00:00,0.225,,,0.225,,,
EVT_090914,2026-02-19T15:30:01.501243+00:00,0.225,,,0.225,,,
EVT_090914,2026-02-19T15:45:25.451584+00:00,0.225,,,0.225,,,
EVT_090914,2026-02-19T15:45:33.234146+00:00,0.225,,,0.225,,,
EVT_090914,2026-02-19T15:46:02.860508+00:00,0.225,,,0.225,,,
EVT_090914,2026-02-19T16:47:04.983141+00:00,0.22,,,0.22,,,
EVT_090914,2026-02-19T17:47:36.682403+00:00,0.22,,,0.22,,,
EVT_090914,2026-02-19T18:48:08.631743+00:00,0.22,,,0.22,,,
EVT_090914,2026-02-19T19:48:39.615668+00:00,0.22,,,0.22,,,
EVT_090914,2026-02-19T20:49:10.612509+00:00,0.22,,,0.22,,,
EVT_090914,2026-02-19T21:46:42.228227+00:00,0.22,,,0.22,,,
EVT_090914,2026-02-19T21:49:40.852536+00:00,0.22,,,0.22,,,
EVT_090914,2026-02-19T22:50:06.630212+00:00,0.22,,,0.22,,,
EVT_090914,2026-02-19T23:50:33.585099+00:00,0.225,,,0.225,,,
EVT_090914,2026-02-20T00:51:00.568393+00:00,0.225,,,0.225,,,
EVT_090914,2026-02-20T01:51:22.110646+00:00,0.225,,,0.225,,,
EVT_090914,2026-02-20T02:51:52.579078+00:00,0.225,,,0.225,,,
EVT_090914,2026-02-20T03:47:22.161520+00:00,0.225,,,0.225,,,
EVT_090914,2026-02-20T03:52:22.950322+00:00,0.225,,,0.225,,,
EVT_090914,2026-02-20T04:52:57.573707+00:00,0.225,,,0.225,,,
EVT_090914,2026-02-20T04:52:57.573707+00:00,0.225,,,0.225,,,
EVT_090914,2026-02-20T05:53:39.677051+00:00,0.225,,,0.225,,,
EVT_090914,2026-02-20T05:53:39.677051+00:00,0.225,,,0.225,,,
EVT_090914,2026-02-20T06:00:27.937762+00:00,0.225,,,0.225,,,
EVT_090914,2026-02-20T06:00:27.937762+00:00,0.225,,,0.225,,,
EVT_090914,2026-02-20T06:23:40.446551+00:00,0.225,,,0.225,,,
EVT_090914,2026-02-20T06:23:40.446551+00:00,0.225,,,0.225,,,
EVT_090914,2026-02-20T06:36:22.913738+00:00,0.225,,,0.225,,,
EVT_090914,2026-02-20T06:36:22.913738+00:00,0.225,,,0.225,,,
EVT_6C9F93,2026-02-19T09:19:50.422263+00:00,0.09,,,0.09,,,
EVT_6C9F93,2026-02-19T10:00:31.791256+00:00,0.09,,,0.09,,,
EVT_6C9F93,2026-02-19T10:20:24.946989+00:00,0.09,,,0.09,,,
EVT_6C9F93,2026-02-19T11:01:16.791355+00:00,0.09,,,0.09,,,
EVT_6C9F93,2026-02-19T11:20:28.146452+00:00,0.09,,,0.09,,,
EVT_6C9F93,2026-02-19T12:02:07.266014+00:00,0.09,,,0.09,,,
EVT_6C9F93,2026-02-19T12:21:03.994166+00:00,0.09,,,0.09,,,
EVT_6C9F93,2026-02-19T13:02:54.057543+00:00,0.09,,,0.09,,,
EVT_6C9F93,2026-02-19T13:21:57.883990+00:00,0.09,,,0.09,,,
EVT_6C9F93,2026-02-19T13:47:21.613838+00:00,0.09,,,0.09,,,
EVT_6C9F93,2026-02-19T14:03:38.311539+00:00,0.09,,,0.09,,,
EVT_6C9F93,2026-02-19T14:22:44.914252+00:00,0.09,,,0.09,,,
EVT_6C9F93,2026-02-19T14:23:39.572054+00:00,0.09,,,0.09,,,
EVT_6C9F93,2026-02-19T14:23:39.572054+00:00,0.09,,,0.09,,,
EVT_6C9F93,2026-02-19T14:23:39.572054+00:00,0.09,,,0.09,,,
EVT_6C9F93,2026-02-19T14:23:39.572054+00:00,0.09,,,0.09,,,
EVT_6C9F93,2026-02-19T15:04:26.268217+00:00,0.09,,,0.09,,,
EVT_6C9F93,2026-02-19T15:04:26.268217+00:00,0.09,,,0.09,,,
EVT_6C9F93,2026-02-19T15:04:26.268217+00:00,0.09,,,0.09,,,
EVT_6C9F93,2026-02-19T15:23:46.362448+00:00,0.09,,,0.09,,,
EVT_6C9F93,2026-02-19T15:23:46.362448+00:00,0.09,,,0.09,,,
EVT_6C9F93,2026-02-19T15:28:17.029779+00:00,0.09,,,0.09,,,
EVT_6C9F93,2026-02-19T15:28:22.951615+00:00,0.09,,,0.09,,,
EVT_6C9F93,2026-02-19T15:28:55.501284+00:00,0.09,,,0.09,,,
EVT_6C9F93,2026-02-19T15:29:28.559142+00:00,0.09,,,0.09,,,
EVT_6C9F93,2026-02-19T15:29:36.041507+00:00,0.09,,,0.09,,,
EVT_6C9F93,2026-02-19T15:30:01.501243+00:00,0.09,,,0.09,,,
EVT_6C9F93,2026-02-19T15:30:01.501243+00:00,0.09,,,0.09,,,
EVT_6C9F93,2026-02-19T15:45:25.451584+00:00,0.09,,,0.09,,,
EVT_6C9F93,2026-02-19T15:45:33.234146+00:00,0.09,,,0.09,,,
EVT_6C9F93,2026-02-19T15:46:02.860508+00:00,0.09,,,0.09,,,
EVT_6C9F93,2026-02-19T16:47:04.983141+00:00,0.09,,,0.09,,,
EVT_6C9F93,2026-02-19T17:47:36.682403+00:00,0.09,,,0.09,,,
EVT_6C9F93,2026-02-19T18:48:08.631743+00:00,0.095,,,0.095,,,
EVT_6C9F93,2026-02-19T19:48:39.615668+00:00,0.095,,,0.095,,,
EVT_6C9F93,2026-02-19T20:49:10.612509+00:00,0.095,,,0.095,,,
EVT_6C9F93,2026-02-19T21:46:42.228227+00:00,0.095,,,0.095,,,
EVT_6C9F93,2026-02-19T21:49:40.852536+00:00,0.095,,,0.095,,,
EVT_6C9F93,2026-02-19T22:50:06.630212+00:00,0.095,,,0.095,,,
EVT_6C9F93,2026-02-19T23:50:33.585099+00:00,0.095,,,0.095,,,
EVT_6C9F93,2026-02-20T00:51:00.568393+00:00,0.095,,,0.095,,,
EVT_6C9F93,2026-02-20T01:51:22.110646+00:00,0.095,,,0.095,,,
EVT_6C9F93,2026-02-20T02:51:52.579078+00:00,0.095,,,0.095,,,
EVT_6C9F93,2026-02-20T03:47:22.161520+00:00,0.095,,,0.095,,,
EVT_6C9F93,2026-02-20T03:52:22.950322+00:00,0.095,,,0.095,,,
EVT_6C9F93,2026-02-20T04:52:57.573707+00:00,0.095,,,0.095,,,
EVT_6C9F93,2026-02-20T05:53:39.677051+00:00,0.095,,,0.095,,,
EVT_6C9F93,2026-02-20T06:00:27.937762+00:00,0.095,,,0.095,,,
EVT_6C9F93,2026-02-20T06:23:40.446551+00:00,0.095,,,0.095,,,
EVT_6C9F93,2026-02-20T06:36:22.913738+00:00,0.095,,,0.095,,,
EVT_C7CDE4,2026-02-19T09:19:50.422263+00:00,0.042,,,0.042,,,
EVT_C7CDE4,2026-02-19T10:00:31.791256+00:00,0.042,,,0.042,,,
EVT_C7CDE4,2026-02-19T10:20:24.946989+00:00,0.04,,,0.04,,,
EVT_C7CDE4,2026-02-19T11:01:16.791355+00:00,0.04,,,0.04,,,
EVT_C7CDE4,2026-02-19T11:20:28.146452+00:00,0.0315,,,0.0315,,,
EVT_C7CDE4,2026-02-19T12:02:07.266014+00:00,0.0315,,,0.0315,,,
EVT_C7CDE4,2026-02-19T12:21:03.994166+00:00,0.0315,,,0.0315,,,
EVT_C7CDE4,2026-02-19T13:02:54.057543+00:00,0.0315,,,0.0315,,,
EVT_C7CDE4,2026-02-19T13:21:57.883990+00:00,0.031,,,0.031,,,
EVT_C7CDE4,2026-02-19T13:47:21.613838+00:00,0.031,,,0.031,,,
EVT_C7CDE4,2026-02-19T14:03:38.311539+00:00,0.031,,,0.031,,,
EVT_C7CDE4,2026-02-19T14:22:44.914252+00:00,0.865,,,0.865,,,
EVT_C7CDE4,2026-02-19T14:23:39.572054+00:00,0.865,,,0.865,,,
EVT_C7CDE4,2026-02-19T14:23:39.572054+00:00,0.865,,,0.865,,,
EVT_C7CDE4,2026-02-19T14:23:39.572054+00:00,0.865,,,0.865,,,
EVT_C7CDE4,2026-02-19T14:23:39.572054+00:00,0.865,,,0.865,,,
EVT_C7CDE4,2026-02-19T15:04:26.268217+00:00,0.865,,,0.865,,,
EVT_C7CDE4,2026-02-19T15:04:26.268217+00:00,0.865,,,0.865,,,
EVT_C7CDE4,2026-02-19T15:04:26.268217+00:00,0.865,,,0.865,,,
EVT_C7CDE4,2026-02-19T15:23:46.362448+00:00,0.865,,,0.865,,,
EVT_C7CDE4,2026-02-19T15:23:46.362448+00:00,0.865,,,0.865,,,
EVT_C7CDE4,2026-02-19T15:28:17.029779+00:00,0.865,,,0.865,,,
EVT_C7CDE4,2026-02-19T15:28:22.951615+00:00,0.865,,,0.865,,,
EVT_C7CDE4,2026-02-19T15:28:55.501284+00:00,0.865,,,0.865,,,
EVT_C7CDE4,2026-02-19T15:29:28.559142+00:00,0.865,,,0.865,,,
EVT_C7CDE4,2026-02-19T15:29:36.041507+00:00,0.865,,,0.865,,,
EVT_C7CDE4,2026-02-19T15:30:01.501243+00:00,0.865,,,0.865,,,
EVT_C7CDE4,2026-02-19T15:30:01.501243+00:00,0.865,,,0.865,,,
EVT_C7CDE4,2026-02-19T15:45:25.451584+00:00,0.865,,,0.865,,,
EVT_C7CDE4,2026-02-19T15:45:33.234146+00:00,0.865,,,0.865,,,
EVT_C7CDE4,2026-02-19T15:46:02.860508+00:00,0.865,,,0.865,,,
EVT_C7CDE4,2026-02-19T16:47:04.983141+00:00,0.865,,,0.865,,,
EVT_C7CDE4,2026-02-19T17:47:36.682403+00:00,0.865,,,0.865,,,
EVT_C7CDE4,2026-02-19T18:48:08.631743+00:00,0.865,,,0.865,,,
EVT_C7CDE4,2026-02-19T19:48:39.615668+00:00,0.865,,,0.865,,,
EVT_C7CDE4,2026-02-19T20:49:10.612509+00:00,0.865,,,0.865,,,
EVT_C7CDE4,2026-02-19T21:46:42.228227+00:00,0.865,,,0.865,,,
EVT_C7CDE4,2026-02-19T21:49:40.852536+00:00,0.865,,,0.865,,,
EVT_C7CDE4,2026-02-19T22:50:06.630212+00:00,0.865,,,0.865,,,
EVT_C7CDE4,2026-02-19T23:50:33.585099+00:00,0.865,,,0.865,,,
EVT_C7CDE4,2026-02-20T00:51:00.568393+00:00,0.865,,,0.865,,,
EVT_C7CDE4,2026-02-20T01:51:22.110646+00:00,0.865,,,0.865,,,
EVT_C7CDE4,2026-02-20T02:51:52.579078+00:00,0.865,,,0.865,,,
EVT_C7CDE4,2026-02-20T03:47:22.161520+00:00,0.865,,,0.865,,,
EVT_C7CDE4,2026-02-20T03:52:22.950322+00:00,0.865,,,0.865,,,
EVT_C7CDE4,2026-02-20T04:52:57.573707+00:00,0.865,,,0.865,,,
EVT_C7CDE4,2026-02-20T05:53:39.677051+00:00,0.865,,,0.865,,,
EVT_C7CDE4,2026-02-20T06:00:27.937762+00:00,0.865,,,0.865,,,
EVT_C7CDE4,2026-02-20T06:23:40.446551+00:00,0.865,,,0.865,,,
EVT_C7CDE4,2026-02-20T06:36:22.913738+00:00,0.865,,,0.865,,,
EVT_D3D364,2026-02-19T09:19:50.422263+00:00,0.595,,,0.595,,,
EVT_D3D364,2026-02-19T10:00:31.791256+00:00,0.595,,,0.595,,,
EVT_D3D364,2026-02-19T10:20:24.946989+00:00,0.58,,,0.58,,,
EVT_D3D364,2026-02-19T11:01:16.791355+00:00,0.58,,,0.58,,,
EVT_D3D364,2026-02-19T11:20:28.146452+00:00,0.585,,,0.585,,,
EVT_D3D364,2026-02-19T12:02:07.266014+00:00,0.585,,,0.585,,,
EVT_D3D364,2026-02-19T12:21:03.994166+00:00,0.615,,,0.615,,,
EVT_D3D364,2026-02-19T13:02:54.057543+00:00,0.615,,,0.615,,,
EVT_D3D364,2026-02-19T13:21:57.883990+00:00,0.635,,,0.635,,,
EVT_D3D364,2026-02-19T13:47:21.613838+00:00,0.635,,,0.635,,,
EVT_7162C1,2026-02-19T09:19:50.422263+00:00,0.44,,,0.44,,,
EVT_7162C1,2026-02-19T10:00:31.791256+00:00,0.445,,,0.445,,,
EVT_7162C1,2026-02-19T10:20:24.946989+00:00,0.445,,,0.445,,,
EVT_7162C1,2026-02-19T11:01:16.791355+00:00,0.445,,,0.445,,,
EVT_7162C1,2026-02-19T11:20:28.146452+00:00,0.445,,,0.445,,,
EVT_7162C1,2026-02-19T12:02:07.266014+00:00,0.44,,,0.44,,,
EVT_7162C1,2026-02-19T12:21:03.994166+00:00,0.44,,,0.44,,,
EVT_7162C1,2026-02-19T13:02:54.057543+00:00,0.445,,,0.445,,,
EVT_7162C1,2026-02-19T13:21:57.883990+00:00,0.445,,,0.445,,,
EVT_7162C1,2026-02-19T13:47:21.613838+00:00,0.445,,,0.445,,,
EVT_7162C1,2026-02-19T14:03:38.311539+00:00,0.445,,,0.445,,,
EVT_7162C1,2026-02-19T14:22:44.914252+00:00,0.445,,,0.445,,,
EVT_7162C1,2026-02-19T14:23:39.572054+00:00,0.445,,,0.445,,,
EVT_7162C1,2026-02-19T14:23:39.572054+00:00,0.445,,,0.445,,,
EVT_7162C1,2026-02-19T14:23:39.572054+00:00,0.445,,,0.445,,,
EVT_7162C1,2026-02-19T14:23:39.572054+00:00,0.445,,,0.445,,,
EVT_7162C1,2026-02-19T15:04:26.268217+00:00,0.445,,,0.445,,,
EVT_7162C1,2026-02-19T15:04:26.268217+00:00,0.445,,,0.445,,,
EVT_7162C1,2026-02-19T15:04:26.268217+00:00,0.445,,,0.445,,,
EVT_7162C1,2026-02-19T15:23:46.362448+00:00,0.445,,,0.445,,,
EVT_7162C1,2026-02-19T15:23:46.362448+00:00,0.445,,,0.445,,,
EVT_7162C1,2026-02-19T15:28:17.029779+00:00,0.445,,,0.445,,,
EVT_7162C1,2026-02-19T15:28:22.951615+00:00,0.445,,,0.445,,,
EVT_7162C1,2026-02-19T15:28:55.501284+00:00,0.445,,,0.445,,,
EVT_7162C1,2026-02-19T15:29:28.559142+00:00,0.445,,,0.445,,,
EVT_7162C1,2026-02-19T15:29:36.041507+00:00,0.445,,,0.445,,,
EVT_7162C1,2026-02-19T15:30:01.501243+00:00,0.445,,,0.445,,,
EVT_7162C1,2026-02-19T15:30:01.501243+00:00,0.445,,,0.445,,,
EVT_7162C1,2026-02-19T15:45:25.451584+00:00,0.445,,,0.445,,,
EVT_7162C1,2026-02-19T15:45:33.234146+00:00,0.445,,,0.445,,,
EVT_7162C1,2026-02-19T15:46:02.860508+00:00,0.445,,,0.445,,,
EVT_7162C1,2026-02-19T16:47:04.983141+00:00,0.43,,,0.43,,,
EVT_7162C1,2026-02-19T17:47:36.682403+00:00,0.44,,,0.44,,,
EVT_7162C1,2026-02-19T18:48:08.631743+00:00,0.435,,,0.435,,,
EVT_7162C1,2026-02-19T19:48:39.615668+00:00,0.44,,,0.44,,,
EVT_7162C1,2026-02-19T20:49:10.612509+00:00,0.515,,,0.515,,,
EVT_7162C1,2026-02-19T21:46:42.228227+00:00,0.515,,,0.515,,,
EVT_7162C1,2026-02-19T21:49:40.852536+00:00,0.515,,,0.515,,,
EVT_7162C1,2026-02-19T22:50:06.630212+00:00,0.575,,,0.575,,,
EVT_7162C1,2026-02-19T23:50:33.585099+00:00,0.6,,,0.6,,,
EVT_7162C1,2026-02-20T00:51:00.568393+00:00,0.59,,,0.59,,,
EVT_7162C1,2026-02-20T01:51:22.110646+00:00,0.575,,,0.575,,,
EVT_7162C1,2026-02-20T02:51:52.579078+00:00,0.57,,,0.57,,,
EVT_7162C1,2026-02-20T03:47:22.161520+00:00,0.57,,,0.57,,,
EVT_7162C1,2026-02-20T03:52:22.950322+00:00,0.64,,,0.64,,,
EVT_7162C1,2026-02-20T04:52:57.573707+00:00,0.66,,,0.66,,,
EVT_7162C1,2026-02-20T05:53:39.677051+00:00,0.655,,,0.655,,,
EVT_7162C1,2026-02-20T06:00:27.937762+00:00,0.655,,,0.655,,,
EVT_7162C1,2026-02-20T06:23:40.446551+00:00,0.655,,,0.655,,,
EVT_7162C1,2026-02-20T06:36:22.913738+00:00,0.655,,,0.655,,,
EVT_3581C1,2026-02-19T09:19:50.422263+00:00,0.525,,,0.525,,,
EVT_3581C1,2026-02-19T10:00:31.791256+00:00,0.525,,,0.525,,,
EVT_3581C1,2026-02-19T10:20:24.946989+00:00,0.525,,,0.525,,,
EVT_3581C1,2026-02-19T11:01:16.791355+00:00,0.525,,,0.525,,,
EVT_3581C1,2026-02-19T11:20:28.146452+00:00,0.51,,,0.51,,,
EVT_3581C1,2026-02-19T12:02:07.266014+00:00,0.51,,,0.51,,,
EVT_3581C1,2026-02-19T12:21:03.994166+00:00,0.515,,,0.515,,,
EVT_3581C1,2026-02-19T13:02:54.057543+00:00,0.515,,,0.515,,,
EVT_3581C1,2026-02-19T13:21:57.883990+00:00,0.565,,,0.565,,,
EVT_3581C1,2026-02-19T13:47:21.613838+00:00,0.565,,,0.565,,,
EVT_3581C1,2026-02-19T14:03:38.311539+00:00,0.565,,,0.565,,,
EVT_3581C1,2026-02-19T14:22:44.914252+00:00,0.56,,,0.56,,,
EVT_3581C1,2026-02-19T14:23:39.572054+00:00,0.56,,,0.56,,,
EVT_3581C1,2026-02-19T14:23:39.572054+00:00,0.56,,,0.56,,,
EVT_3581C1,2026-02-19T14:23:39.572054+00:00,0.56,,,0.56,,,
EVT_3581C1,2026-02-19T14:23:39.572054+00:00,0.56,,,0.56,,,
EVT_3581C1,2026-02-19T15:04:26.268217+00:00,0.56,,,0.56,,,
EVT_3581C1,2026-02-19T15:04:26.268217+00:00,0.56,,,0.56,,,
EVT_3581C1,2026-02-19T15:04:26.268217+00:00,0.56,,,0.56,,,
EVT_3581C1,2026-02-19T15:23:46.362448+00:00,0.555,,,0.555,,,
EVT_3581C1,2026-02-19T15:23:46.362448+00:00,0.555,,,0.555,,,
EVT_3581C1,2026-02-19T15:28:17.029779+00:00,0.555,,,0.555,,,
EVT_3581C1,2026-02-19T15:28:22.951615+00:00,0.555,,,0.555,,,
EVT_3581C1,2026-02-19T15:28:55.501284+00:00,0.555,,,0.555,,,
EVT_3581C1,2026-02-19T15:29:28.559142+00:00,0.555,,,0.555,,,
EVT_3581C1,2026-02-19T15:29:36.041507+00:00,0.555,,,0.555,,,
EVT_3581C1,2026-02-19T15:30:01.501243+00:00,0.555,,,0.555,,,
EVT_3581C1,2026-02-19T15:30:01.501243+00:00,0.555,,,0.555,,,
EVT_3581C1,2026-02-19T15:45:25.451584+00:00,0.555,,,0.555,,,
EVT_3581C1,2026-02-19T15:45:33.234146+00:00,0.555,,,0.555,,,
EVT_3581C1,2026-02-19T15:46:02.860508+00:00,0.555,,,0.555,,,
EVT_3581C1,2026-02-19T16:47:04.983141+00:00,0.505,,,0.505,,,
EVT_3581C1,2026-02-19T17:47:36.682403+00:00,0.505,,,0.505,,,
EVT_3581C1,2026-02-19T18:48:08.631743+00:00,0.515,,,0.515,,,
EVT_3581C1,2026-02-19T19:48:39.615668+00:00,0.51,,,0.51,,,
EVT_3581C1,2026-02-19T20:49:10.612509+00:00,0.55,,,0.55,,,
EVT_3581C1,2026-02-19T21:46:42.228227+00:00,0.55,,,0.55,,,
EVT_3581C1,2026-02-19T21:49:40.852536+00:00,0.565,,,0.565,,,
EVT_3581C1,2026-02-19T22:50:06.630212+00:00,0.565,,,0.565,,,
EVT_3581C1,2026-02-19T23:50:33.585099+00:00,0.555,,,0.555,,,
EVT_3581C1,2026-02-20T00:51:00.568393+00:00,0.545,,,0.545,,,
EVT_3581C1,2026-02-20T01:51:22.110646+00:00,0.535,,,0.535,,,
EVT_3581C1,2026-02-20T02:51:52.579078+00:00,0.535,,,0.535,,,
EVT_3581C1,2026-02-20T03:47:22.161520+00:00,0.535,,,0.535,,,
EVT_3581C1,2026-02-20T03:52:22.950322+00:00,0.535,,,0.535,,,
EVT_700D39,2026-02-19T14:03:38.311539+00:00,0.28,,,0.28,,,
EVT_700D39,2026-02-19T14:22:44.914252+00:00,0.28,,,0.28,,,
EVT_700D39,2026-02-19T14:23:39.572054+00:00,0.28,,,0.28,,,
EVT_700D39,2026-02-19T14:23:39.572054+00:00,0.28,,,0.28,,,
EVT_700D39,2026-02-19T14:23:39.572054+00:00,0.28,,,0.28,,,
EVT_700D39,2026-02-19T14:23:39.572054+00:00,0.28,,,0.28,,,
EVT_700D39,2026-02-19T15:04:26.268217+00:00,0.24,,,0.24,,,
EVT_700D39,2026-02-19T15:04:26.268217+00:00,0.24,,,0.24,,,
EVT_700D39,2026-02-19T15:04:26.268217+00:00,0.24,,,0.24,,,
EVT_700D39,2026-02-19T15:23:46.362448+00:00,0.24,,,0.24,,,
EVT_700D39,2026-02-19T15:23:46.362448+00:00,0.24,,,0.24,,,
EVT_700D39,2026-02-19T15:28:17.029779+00:00,0.24,,,0.24,,,
EVT_700D39,2026-02-19T15:28:22.951615+00:00,0.24,,,0.24,,,
EVT_700D39,2026-02-19T15:28:55.501284+00:00,0.24,,,0.24,,,
EVT_700D39,2026-02-19T15:29:28.559142+00:00,0.24,,,0.24,,,
EVT_700D39,2026-02-19T15:29:36.041507+00:00,0.24,,,0.24,,,
EVT_700D39,2026-02-19T15:30:01.501243+00:00,0.24,,,0.24,,,
EVT_700D39,2026-02-19T15:30:01.501243+00:00,0.24,,,0.24,,,
EVT_700D39,2026-02-19T15:45:25.451584+00:00,0.24,,,0.24,,,
EVT_700D39,2026-02-19T15:45:33.234146+00:00,0.24,,,0.24,,,
EVT_700D39,2026-02-19T15:46:02.860508+00:00,0.24,,,0.24,,,
EVT_700D39,2026-02-19T16:47:04.983141+00:00,0.245,,,0.245,,,
EVT_700D39,2026-02-19T17:47:36.682403+00:00,0.235,,,0.235,,,
EVT_700D39,2026-02-19T18:48:08.631743+00:00,0.235,,,0.235,,,
EVT_700D39,2026-02-19T19:48:39.615668+00:00,0.245,,,0.245,,,
EVT_700D39,2026-02-19T20:49:10.612509+00:00,0.235,,,0.235,,,
EVT_700D39,2026-02-19T21:46:42.228227+00:00,0.235,,,0.235,,,
EVT_700D39,2026-02-19T21:49:40.852536+00:00,0.265,,,0.265,,,
EVT_700D39,2026-02-19T22:50:06.630212+00:00,0.265,,,0.265,,,
EVT_700D39,2026-02-19T23:50:33.585099+00:00,0.255,,,0.255,,,
EVT_700D39,2026-02-20T00:51:00.568393+00:00,0.255,,,0.255,,,
EVT_700D39,2026-02-20T01:51:22.110646+00:00,0.255,,,0.255,,,
EVT_700D39,2026-02-20T02:51:52.579078+00:00,0.255,,,0.255,,,
EVT_700D39,2026-02-20T03:47:22.161520+00:00,0.255,,,0.255,,,
EVT_700D39,2026-02-20T03:52:22.950322+00:00,0.265,,,0.265,,,
EVT_700D39,2026-02-20T04:52:57.573707+00:00,0.265,,,0.265,,,
EVT_700D39,2026-02-20T05:53:39.677051+00:00,0.265,,,0.265,,,
EVT_700D39,2026-02-20T06:00:27.937762+00:00,0.265,,,0.265,,,
EVT_700D39,2026-02-20T06:23:40.446551+00:00,0.265,,,0.265,,,
EVT_700D39,2026-02-20T06:36:22.913738+00:00,0.265,,,0.265,,,
EVT_090914_1,timeline_04:51,0.225,,,0.225,,,
EVT_090914_1,timeline_05:52,0.225,,,0.225,,,
EVT_EA827A,timeline_06:17,0.947,,,0.947,,,
EVT_EA827A,timeline_07:17,0.947,,,0.947,,,
EVT_EA827A,timeline_08:18,0.947,,,0.947,,,
EVT_EA827A,timeline_09:18,0.946,,,0.946,,,
EVT_EA827A,timeline_10:19,0.945,,,0.945,,,
EVT_EA827A,timeline_11:19,0.947,,,0.947,,,
EVT_EA827A,timeline_12:19,0.946,,,0.946,,,
EVT_EA827A,timeline_13:20,0.944,,,0.944,,,
EVT_EA827A,timeline_14:21,0.947,,,0.947,,,
EVT_EA827A,timeline_15:22,0.947,,,0.947,,,
EVT_EA827A,timeline_16:45,0.945,,,0.945,,,
EVT_EA827A,timeline_17:46,0.944,,,0.944,,,
EVT_EA827A,timeline_18:47,0.943,,,0.943,,,
EVT_EA827A,timeline_19:47,0.942,,,0.942,,,
EVT_EA827A,timeline_20:48,0.943,,,0.943,,,
EVT_EA827A,timeline_21:48,0.941,,,0.941,,,
EVT_EA827A,timeline_22:48,0.942,,,0.942,,,
EVT_EA827A,timeline_23:49,0.942,,,0.942,,,
EVT_EA827A,timeline_00:49,0.942,,,0.942,,,
EVT_EA827A,timeline_01:50,0.945,,,0.945,,,
EVT_EA827A,timeline_02:50,0.942,,,0.942,,,
EVT_EA827A,timeline_03:51,0.945,,,0.945,,,
EVT_EA827A,timeline_04:51,0.942,,,0.942,,,
EVT_EA827A,timeline_05:52,0.942,,,0.942,,,
EVT_5334C6,timeline_06:17,0.8,,,0.8,,,
EVT_5334C6,timeline_07:17,0.8,,,0.8,,,
EVT_5334C6,timeline_08:18,0.8,,,0.8,,,
EVT_5334C6,timeline_09:18,0.8,,,0.8,,,
EVT_5334C6,timeline_10:19,0.8,,,0.8,,,
EVT_5334C6,timeline_11:19,0.8,,,0.8,,,
EVT_5334C6,timeline_12:19,0.8,,,0.8,,,
EVT_5334C6,timeline_13:20,0.8,,,0.8,,,
EVT_5334C6,timeline_14:21,0.925,,,0.925,,,
EVT_5334C6,timeline_15:22,0.925,,,0.925,,,
EVT_5334C6,timeline_16:45,0.925,,,0.925,,,
EVT_5334C6,timeline_17:46,0.925,,,0.925,,,
EVT_5334C6,timeline_18:47,0.925,,,0.925,,,
EVT_5334C6,timeline_19:47,0.925,,,0.925,,,
EVT_5334C6,timeline_20:48,0.925,,,0.925,,,
EVT_5334C6,timeline_21:48,0.925,,,0.925,,,
EVT_5334C6,timeline_22:48,0.928,,,0.928,,,
EVT_5334C6,timeline_23:49,0.927,,,0.927,,,
EVT_5334C6,timeline_00:49,0.926,,,0.926,,,
EVT_5334C6,timeline_01:50,0.928,,,0.928,,,
EVT_5334C6,timeline_02:50,0.928,,,0.928,,,
EVT_5334C6,timeline_03:51,0.928,,,0.928,,,
EVT_5334C6,timeline_04:51,0.928,,,0.928,,,
EVT_5334C6,timeline_05:52,0.928,,,0.928,,,
EVT_700D39,timeline_14:03,0.28,,,0.28,,,
EVT_700D39,timeline_15:03,0.24,,,0.24,,,
EVT_700D39,timeline_16:45,0.245,,,0.245,,,
EVT_700D39,timeline_17:46,0.235,,,0.235,,,
EVT_700D39,timeline_18:47,0.235,,,0.235,,,
EVT_700D39,timeline_19:47,0.245,,,0.245,,,
EVT_700D39,timeline_20:48,0.235,,,0.235,,,
EVT_700D39,timeline_21:48,0.265,,,0.265,,,
EVT_700D39,timeline_22:48,0.265,,,0.265,,,
EVT_700D39,timeline_23:49,0.255,,,0.255,,,
EVT_700D39,timeline_00:49,0.255,,,0.255,,,
EVT_700D39,timeline_01:50,0.255,,,0.255,,,
EVT_700D39,timeline_02:50,0.255,,,0.255,,,
EVT_700D39,timeline_03:51,0.265,,,0.265,,,
EVT_700D39,timeline_04:51,0.265,,,0.265,,,
EVT_700D39,timeline_05:52,0.265,,,0.265,,,
EVT_9EEDC0_1,timeline_05:56,0.26,,,0.26,,,
EVT_9EEDC0_1,timeline_06:57,0.265,,,0.265,,,
EVT_9EEDC0_1,timeline_07:58,0.285,,,0.285,,,
EVT_9EEDC0_1,timeline_08:59,0.275,,,0.275,,,
EVT_9EEDC0_1,timeline_10:00,0.29,,,0.29,,,
EVT_9EEDC0_1,timeline_11:00,0.285,,,0.285,,,
EVT_9EEDC0_1,timeline_12:01,0.275,,,0.275,,,
EVT_9EEDC0_1,timeline_13:02,0.275,,,0.275,,,
EVT_9EEDC0_1,timeline_14:03,0.285,,,0.285,,,
EVT_9EEDC0_1,timeline_15:03,0.235,,,0.235,,,
EVT_9EEDC0_1,timeline_16:45,0.235,,,0.235,,,
EVT_9EEDC0_1,timeline_17:46,0.225,,,0.225,,,
EVT_9EEDC0_1,timeline_18:47,0.215,,,0.215,,,
EVT_9EEDC0_1,timeline_19:47,0.22,,,0.22,,,
EVT_9EEDC0_1,timeline_20:48,0.235,,,0.235,,,
EVT_9EEDC0_1,timeline_21:48,0.235,,,0.235,,,
EVT_9EEDC0_1,timeline_22:48,0.235,,,0.235,,,
EVT_9EEDC0_1,timeline_23:49,0.225,,,0.225,,,
EVT_9EEDC0_1,timeline_00:49,0.21,,,0.21,,,
EVT_9EEDC0_1,timeline_01:50,0.185,,,0.185,,,
EVT_9EEDC0_1,timeline_02:50,0.175,,,0.175,,,
EVT_9EEDC0_1,timeline_03:51,0.195,,,0.195,,,
EVT_9EEDC0_1,timeline_04:51,0.195,,,0.195,,,
EVT_9EEDC0_1,timeline_05:52,0.18,,,0.18,,,
EVT_130A64_1,timeline_05:56,0.34,,,0.34,,,
EVT_130A64_1,timeline_06:57,0.345,,,0.345,,,
EVT_130A64_1,timeline_07:58,0.345,,,0.345,,,
EVT_130A64_1,timeline_08:59,0.345,,,0.345,,,
EVT_130A64_1,timeline_10:00,0.345,,,0.345,,,
EVT_130A64_1,timeline_11:00,0.345,,,0.345,,,
EVT_130A64_1,timeline_12:01,0.345,,,0.345,,,
EVT_130A64_1,timeline_13:02,0.345,,,0.345,,,
EVT_130A64_1,timeline_14:03,0.345,,,0.345,,,
EVT_130A64_1,timeline_15:03,0.35,,,0.35,,,
EVT_130A64_1,timeline_16:45,0.355,,,0.355,,,
EVT_130A64_1,timeline_17:46,0.35,,,0.35,,,
EVT_130A64_1,timeline_18:47,0.345,,,0.345,,,
EVT_130A64_1,timeline_19:47,0.335,,,0.335,,,
EVT_130A64_1,timeline_20:48,0.335,,,0.335,,,
EVT_130A64_1,timeline_21:48,0.335,,,0.335,,,
EVT_130A64_1,timeline_22:48,0.335,,,0.335,,,
EVT_130A64_1,timeline_23:49,0.345,,,0.345,,,
EVT_130A64_1,timeline_00:49,0.345,,,0.345,,,
EVT_130A64_1,timeline_01:50,0.345,,,0.345,,,
EVT_130A64_1,timeline_02:50,0.345,,,0.345,,,
EVT_130A64_1,timeline_03:51,0.345,,,0.345,,,
EVT_130A64_1,timeline_04:51,0.345,,,0.345,,,
EVT_130A64_1,timeline_05:52,0.345,,,0.345,,,
EVT_201A28_1,timeline_05:56,0.34,,,0.34,,,
EVT_201A28_1,timeline_06:57,0.34,,,0.34,,,
EVT_201A28_1,timeline_07:58,0.34,,,0.34,,,
EVT_201A28_1,timeline_08:59,0.34,,,0.34,,,
EVT_201A28_1,timeline_10:00,0.34,,,0.34,,,
EVT_201A28_1,timeline_11:00,0.34,,,0.34,,,
EVT_201A28_1,timeline_12:01,0.34,,,0.34,,,
EVT_201A28_1,timeline_13:02,0.34,,,0.34,,,
EVT_201A28_1,timeline_14:03,0.175,,,0.175,,,
EVT_201A28_1,timeline_15:03,0.175,,,0.175,,,
EVT_201A28_1,timeline_16:45,0.175,,,0.175,,,
EVT_201A28_1,timeline_17:46,0.175,,,0.175,,,
EVT_201A28_1,timeline_18:47,0.175,,,0.175,,,
EVT_201A28_1,timeline_19:47,0.175,,,0.175,,,
EVT_201A28_1,timeline_20:48,0.175,,,0.175,,,
EVT_201A28_1,timeline_21:48,0.175,,,0.175,,,
EVT_201A28_1,timeline_22:48,0.175,,,0.175,,,
EVT_201A28_1,timeline_23:49,0.175,,,0.175,,,
EVT_201A28_1,timeline_00:49,0.175,,,0.175,,,
EVT_201A28_1,timeline_01:50,0.175,,,0.175,,,
EVT_201A28_1,timeline_02:50,0.175,,,0.175,,,
EVT_201A28_1,timeline_03:51,0.18,,,0.18,,,
EVT_201A28_1,timeline_04:51,0.18,,,0.18,,,
EVT_201A28_1,timeline_05:52,0.18,,,0.18,,,
EVT_C86737_1,timeline_05:56,0.025,,,0.025,,,
EVT_C86737_1,timeline_06:57,0.025,,,0.025,,,
EVT_C86737_1,timeline_07:58,0.021,,,0.021,,,
EVT_C86737_1,timeline_08:59,0.021,,,0.021,,,
EVT_C86737_1,timeline_10:00,0.021,,,0.021,,,
EVT_C86737_1,timeline_11:00,0.021,,,0.021,,,
EVT_C86737_1,timeline_12:01,0.018,,,0.018,,,
EVT_C86737_1,timeline_13:02,0.017,,,0.017,,,
EVT_C86737_1,timeline_14:03,0.13,,,0.13,,,
EVT_C86737_1,timeline_15:03,0.13,,,0.13,,,
EVT_C86737_1,timeline_16:45,0.13,,,0.13,,,
EVT_C86737_1,timeline_17:46,0.115,,,0.115,,,
EVT_C86737_1,timeline_18:47,0.125,,,0.125,,,
EVT_C86737_1,timeline_19:47,0.125,,,0.125,,,
EVT_C86737_1,timeline_20:48,0.125,,,0.125,,,
EVT_C86737_1,timeline_21:48,0.125,,,0.125,,,
EVT_C86737_1,timeline_22:48,0.14,,,0.14,,,
EVT_C86737_1,timeline_23:49,0.145,,,0.145,,,
EVT_C86737_1,timeline_00:49,0.15,,,0.15,,,
EVT_C86737_1,timeline_01:50,0.145,,,0.145,,,
EVT_C86737_1,timeline_02:50,0.145,,,0.145,,,
EVT_C86737_1,timeline_03:51,0.145,,,0.145,,,
EVT_C86737_1,timeline_04:51,0.145,,,0.145,,,
EVT_C86737_1,timeline_05:52,0.145,,,0.145,,,
EVT_130A64_2,timeline_18:32,0.325,,,0.325,,,
EVT_130A64_2,timeline_20:03,0.325,,,0.325,,,
EVT_130A64_2,timeline_21:03,0.335,,,0.335,,,
EVT_130A64_2,timeline_22:04,0.33,,,0.33,,,
EVT_130A64_2,timeline_23:04,0.335,,,0.335,,,
EVT_130A64_2,timeline_00:05,0.335,,,0.335,,,
EVT_130A64_2,timeline_01:05,0.325,,,0.325,,,
EVT_130A64_2,timeline_02:06,0.325,,,0.325,,,
EVT_130A64_2,timeline_03:07,0.345,,,0.345,,,
EVT_130A64_2,timeline_04:07,0.345,,,0.345,,,
EVT_130A64_2,timeline_05:07,0.345,,,0.345,,,
EVT_130A64_2,timeline_06:14,0.34,,,0.34,,,
EVT_130A64_2,timeline_07:17,0.345,,,0.345,,,
EVT_130A64_2,timeline_08:18,0.345,,,0.345,,,
EVT_130A64_2,timeline_09:18,0.345,,,0.345,,,
EVT_130A64_2,timeline_10:19,0.345,,,0.345,,,
EVT_130A64_2,timeline_11:19,0.345,,,0.345,,,
EVT_130A64_2,timeline_12:19,0.345,,,0.345,,,
EVT_130A64_2,timeline_13:20,0.345,,,0.345,,,
EVT_130A64_2,timeline_14:21,0.345,,,0.345,,,
EVT_130A64_2,timeline_15:22,0.355,,,0.355,,,
EVT_130A64_2,timeline_16:45,0.355,,,0.355,,,
EVT_130A64_2,timeline_17:46,0.35,,,0.35,,,
EVT_130A64_2,timeline_18:47,0.345,,,0.345,,,
EVT_130A64_2,timeline_19:47,0.335,,,0.335,,,
EVT_130A64_2,timeline_20:48,0.335,,,0.335,,,
EVT_130A64_2,timeline_21:48,0.335,,,0.335,,,
EVT_130A64_2,timeline_22:48,0.335,,,0.335,,,
EVT_130A64_2,timeline_23:49,0.345,,,0.345,,,
EVT_130A64_2,timeline_00:49,0.345,,,0.345,,,
EVT_130A64_2,timeline_01:50,0.345,,,0.345,,,
EVT_130A64_2,timeline_02:50,0.345,,,0.345,,,
EVT_130A64_2,timeline_03:51,0.345,,,0.345,,,
EVT_130A64_2,timeline_04:51,0.345,,,0.345,,,
EVT_130A64_2,timeline_05:52,0.345,,,0.345,,,
EVT_FC0BF2_1,timeline_14:21,0.063,,,0.063,,,
EVT_FC0BF2_1,timeline_15:22,0.055,,,0.055,,,
EVT_FC0BF2_1,timeline_16:45,0.047,,,0.047,,,
EVT_FC0BF2_1,timeline_17:46,0.04,,,0.04,,,
EVT_FC0BF2_1,timeline_18:47,0.04,,,0.04,,,
EVT_FC0BF2_1,timeline_19:47,0.038,,,0.038,,,
EVT_FC0BF2_1,timeline_20:48,0.035,,,0.035,,,
EVT_FC0BF2_1,timeline_21:48,0.055,,,0.055,,,
EVT_FC0BF2_1,timeline_22:48,0.046,,,0.046,,,
EVT_FC0BF2_1,timeline_23:49,0.039,,,0.039,,,
EVT_FC0BF2_1,timeline_00:49,0.032,,,0.032,,,
EVT_FC0BF2_1,timeline_01:50,0.031,,,0.031,,,
EVT_FC0BF2_1,timeline_02:50,0.025,,,0.025,,,
EVT_FC0BF2_1,timeline_03:51,0.027,,,0.027,,,
EVT_FC0BF2_1,timeline_04:51,0.029,,,0.029,,,
EVT_FC0BF2_1,timeline_05:52,0.027,,,0.027,,,
EVT_201A28_2,timeline_18:15,0.385,,,0.385,,,
EVT_201A28_2,timeline_19:15,0.36,,,0.36,,,
EVT_201A28_2,timeline_20:15,0.35,,,0.35,,,
EVT_201A28_2,timeline_21:16,0.35,,,0.35,,,
EVT_201A28_2,timeline_22:16,0.355,,,0.355,,,
EVT_201A28_2,timeline_23:16,0.35,,,0.35,,,
EVT_201A28_2,timeline_00:16,0.335,,,0.335,,,
EVT_201A28_2,timeline_01:16,0.335,,,0.335,,,
EVT_201A28_2,timeline_02:06,0.335,,,0.335,,,
EVT_201A28_2,timeline_03:07,0.335,,,0.335,,,
EVT_201A28_2,timeline_04:07,0.335,,,0.335,,,
EVT_201A28_2,timeline_05:07,0.335,,,0.335,,,
EVT_201A28_2,timeline_06:14,0.34,,,0.34,,,
EVT_201A28_2,timeline_07:17,0.34,,,0.34,,,
EVT_201A28_2,timeline_08:18,0.34,,,0.34,,,
EVT_201A28_2,timeline_09:18,0.34,,,0.34,,,
EVT_201A28_2,timeline_10:19,0.34,,,0.34,,,
EVT_201A28_2,timeline_11:19,0.34,,,0.34,,,
EVT_201A28_2,timeline_12:19,0.34,,,0.34,,,
EVT_201A28_2,timeline_13:20,0.345,,,0.345,,,
EVT_201A28_2,timeline_14:21,0.175,,,0.175,,,
EVT_201A28_2,timeline_15:22,0.175,,,0.175,,,
EVT_201A28_2,timeline_16:45,0.175,,,0.175,,,
EVT_201A28_2,timeline_17:46,0.175,,,0.175,,,
EVT_201A28_2,timeline_18:47,0.175,,,0.175,,,
EVT_201A28_2,timeline_19:47,0.175,,,0.175,,,
EVT_201A28_2,timeline_20:48,0.175,,,0.175,,,
EVT_201A28_2,timeline_21:48,0.175,,,0.175,,,
EVT_201A28_2,timeline_22:48,0.175,,,0.175,,,
EVT_201A28_2,timeline_23:49,0.175,,,0.175,,,
EVT_201A28_2,timeline_00:49,0.175,,,0.175,,,
EVT_201A28_2,timeline_01:50,0.175,,,0.175,,,
EVT_201A28_2,timeline_02:50,0.175,,,0.175,,,
EVT_201A28_2,timeline_03:51,0.18,,,0.18,,,
EVT_201A28_2,timeline_04:51,0.18,,,0.18,,,
EVT_201A28_2,timeline_05:52,0.18,,,0.18,,,
EVT_130A64_3,timeline_18:15,0.325,,,0.325,,,
EVT_130A64_3,timeline_19:15,0.325,,,0.325,,,
EVT_130A64_3,timeline_20:15,0.325,,,0.325,,,
EVT_130A64_3,timeline_21:16,0.33,,,0.33,,,
EVT_130A64_3,timeline_22:16,0.33,,,0.33,,,
EVT_130A64_3,timeline_23:16,0.335,,,0.335,,,
EVT_130A64_3,timeline_00:16,0.34,,,0.34,,,
EVT_130A64_3,timeline_01:16,0.325,,,0.325,,,
EVT_130A64_3,timeline_02:06,0.325,,,0.325,,,
EVT_130A64_3,timeline_03:07,0.345,,,0.345,,,
EVT_130A64_3,timeline_04:07,0.345,,,0.345,,,
EVT_130A64_3,timeline_05:07,0.345,,,0.345,,,
EVT_130A64_3,timeline_06:14,0.34,,,0.34,,,
EVT_130A64_3,timeline_07:17,0.345,,,0.345,,,
EVT_130A64_3,timeline_08:18,0.345,,,0.345,,,
EVT_130A64_3,timeline_09:18,0.345,,,0.345,,,
EVT_130A64_3,timeline_10:19,0.345,,,0.345,,,
EVT_130A64_3,timeline_11:19,0.345,,,0.345,,,
EVT_130A64_3,timeline_12:19,0.345,,,0.345,,,
EVT_130A64_3,timeline_13:20,0.345,,,0.345,,,
EVT_130A64_3,timeline_14:21,0.345,,,0.345,,,
EVT_130A64_3,timeline_15:22,0.355,,,0.355,,,
EVT_130A64_3,timeline_16:45,0.355,,,0.355,,,
EVT_130A64_3,timeline_17:46,0.35,,,0.35,,,
EVT_130A64_3,timeline_18:47,0.345,,,0.345,,,
EVT_130A64_3,timeline_19:47,0.335,,,0.335,,,
EVT_130A64_3,timeline_20:48,0.335,,,0.335,,,
EVT_130A64_3,timeline_21:48,0.335,,,0.335,,,
EVT_130A64_3,timeline_22:48,0.335,,,0.335,,,
EVT_130A64_3,timeline_23:49,0.345,,,0.345,,,
EVT_130A64_3,timeline_00:49,0.345,,,0.345,,,
EVT_130A64_3,timeline_01:50,0.345,,,0.345,,,
EVT_130A64_3,timeline_02:50,0.345,,,0.345,,,
EVT_130A64_3,timeline_03:51,0.345,,,0.345,,,
EVT_130A64_3,timeline_04:51,0.345,,,0.345,,,
EVT_130A64_3,timeline_05:52,0.345,,,0.345,,,
EVT_C86737_2,timeline_18:15,0.026,,,0.026,,,
EVT_C86737_2,timeline_19:15,0.026,,,0.026,,,
EVT_C86737_2,timeline_20:15,0.026,,,0.026,,,
EVT_C86737_2,timeline_21:16,0.027,,,0.027,,,
EVT_C86737_2,timeline_22:16,0.025,,,0.025,,,
EVT_C86737_2,timeline_23:16,0.024,,,0.024,,,
EVT_C86737_2,timeline_00:16,0.024,,,0.024,,,
EVT_C86737_2,timeline_01:16,0.024,,,0.024,,,
EVT_C86737_2,timeline_02:06,0.024,,,0.024,,,
EVT_C86737_2,timeline_03:07,0.024,,,0.024,,,
EVT_C86737_2,timeline_04:07,0.024,,,0.024,,,
EVT_C86737_2,timeline_05:07,0.024,,,0.024,,,
EVT_C86737_2,timeline_06:14,0.025,,,0.025,,,
EVT_C86737_2,timeline_07:17,0.025,,,0.025,,,
EVT_C86737_2,timeline_08:18,0.021,,,0.021,,,
EVT_C86737_2,timeline_09:18,0.021,,,0.021,,,
EVT_C86737_2,timeline_10:19,0.019,,,0.019,,,
EVT_C86737_2,timeline_11:19,0.02,,,0.02,,,
EVT_C86737_2,timeline_12:19,0.017,,,0.017,,,
EVT_C86737_2,timeline_13:20,0.015,,,0.015,,,
EVT_C86737_2,timeline_14:21,0.13,,,0.13,,,
EVT_C86737_2,timeline_15:22,0.12,,,0.12,,,
EVT_C86737_2,timeline_16:45,0.13,,,0.13,,,
EVT_C86737_2,timeline_17:46,0.115,,,0.115,,,
EVT_C86737_2,timeline_18:47,0.125,,,0.125,,,
EVT_C86737_2,timeline_19:47,0.12,,,0.12,,,
EVT_C86737_2,timeline_20:48,0.125,,,0.125,,,
EVT_C86737_2,timeline_21:48,0.125,,,0.125,,,
EVT_C86737_2,timeline_22:48,0.14,,,0.14,,,
EVT_C86737_2,timeline_23:49,0.145,,,0.145,,,
EVT_C86737_2,timeline_00:49,0.15,,,0.15,,,
EVT_C86737_2,timeline_01:50,0.145,,,0.145,,,
EVT_C86737_2,timeline_02:50,0.145,,,0.145,,,
EVT_C86737_2,timeline_03:51,0.145,,,0.145,,,
EVT_C86737_2,timeline_04:51,0.145,,,0.145,,,
EVT_C86737_2,timeline_05:52,0.145,,,0.145,,,
EVT_9EEDC0_2,timeline_18:15,0.355,,,0.355,,,
EVT_9EEDC0_2,timeline_19:15,0.35,,,0.35,,,
EVT_9EEDC0_2,timeline_20:15,0.375,,,0.375,,,
EVT_9EEDC0_2,timeline_21:16,0.315,,,0.315,,,
EVT_9EEDC0_2,timeline_22:16,0.195,,,0.195,,,
EVT_9EEDC0_2,timeline_23:16,0.205,,,0.205,,,
EVT_9EEDC0_2,timeline_00:16,0.205,,,0.205,,,
EVT_9EEDC0_2,timeline_01:16,0.235,,,0.235,,,
EVT_9EEDC0_2,timeline_02:06,0.255,,,0.255,,,
EVT_9EEDC0_2,timeline_03:07,0.265,,,0.265,,,
EVT_9EEDC0_2,timeline_04:07,0.275,,,0.275,,,
EVT_9EEDC0_2,timeline_05:07,0.265,,,0.265,,,
EVT_9EEDC0_2,timeline_06:14,0.265,,,0.265,,,
EVT_9EEDC0_2,timeline_07:17,0.265,,,0.265,,,
EVT_9EEDC0_2,timeline_08:18,0.275,,,0.275,,,
EVT_9EEDC0_2,timeline_09:18,0.285,,,0.285,,,
EVT_9EEDC0_2,timeline_10:19,0.29,,,0.29,,,
EVT_9EEDC0_2,timeline_11:19,0.28,,,0.28,,,
EVT_9EEDC0_2,timeline_12:19,0.275,,,0.275,,,
EVT_9EEDC0_2,timeline_13:20,0.275,,,0.275,,,
EVT_9EEDC0_2,timeline_14:21,0.285,,,0.285,,,
EVT_9EEDC0_2,timeline_15:22,0.245,,,0.245,,,
EVT_9EEDC0_2,timeline_16:45,0.235,,,0.235,,,
EVT_9EEDC0_2,timeline_17:46,0.225,,,0.225,,,
EVT_9EEDC0_2,timeline_18:47,0.215,,,0.215,,,
EVT_9EEDC0_2,timeline_19:47,0.22,,,0.22,,,
EVT_9EEDC0_2,timeline_20:48,0.235,,,0.235,,,
EVT_9EEDC0_2,timeline_21:48,0.235,,,0.235,,,
EVT_9EEDC0_2,timeline_22:48,0.235,,,0.235,,,
EVT_9EEDC0_2,timeline_23:49,0.225,,,0.225,,,
EVT_9EEDC0_2,timeline_00:49,0.21,,,0.21,,,
EVT_9EEDC0_2,timeline_01:50,0.19,,,0.19,,,
EVT_9EEDC0_2,timeline_02:50,0.175,,,0.175,,,
EVT_9EEDC0_2,timeline_03:51,0.195,,,0.195,,,
EVT_9EEDC0_2,timeline_04:51,0.195,,,0.195,,,
EVT_9EEDC0_2,timeline_05:52,0.18,,,0.18,,,
EVT_44BCEB,timeline_06:51,0.069,,,0.069,,,
EVT_44BCEB,timeline_07:51,0.066,,,0.066,,,
EVT_44BCEB,timeline_08:51,0.066,,,0.066,,,
EVT_44BCEB,timeline_09:51,0.07,,,0.07,,,
EVT_44BCEB,timeline_10:52,0.071,,,0.071,,,
EVT_44BCEB,timeline_11:52,0.074,,,0.074,,,
EVT_44BCEB,timeline_12:53,0.074,,,0.074,,,
EVT_44BCEB,timeline_13:54,0.079,,,0.079,,,
EVT_44BCEB,timeline_14:55,0.08,,,0.08,,,
EVT_44BCEB,timeline_15:55,0.08,,,0.08,,,
EVT_44BCEB,timeline_17:14,0.08,,,0.08,,,
EVT_44BCEB,timeline_18:15,0.08,,,0.08,,,
EVT_44BCEB,timeline_19:15,0.082,,,0.082,,,
EVT_44BCEB,timeline_20:15,0.088,,,0.088,,,
EVT_44BCEB,timeline_21:16,0.086,,,0.086,,,
EVT_44BCEB,timeline_22:16,0.098,,,0.098,,,
EVT_44BCEB,timeline_23:16,0.098,,,0.098,,,
EVT_44BCEB,timeline_00:16,0.1,,,0.1,,,
EVT_44BCEB,timeline_01:16,0.102,,,0.102,,,
EVT_44BCEB,timeline_02:06,0.102,,,0.102,,,
EVT_44BCEB,timeline_03:07,0.098,,,0.098,,,
EVT_44BCEB,timeline_04:07,0.098,,,0.098,,,
EVT_44BCEB,timeline_05:07,0.097,,,0.097,,,
EVT_44BCEB,timeline_06:14,0.096,,,0.096,,,
EVT_44BCEB,timeline_07:17,0.1,,,0.1,,,
EVT_44BCEB,timeline_08:18,0.102,,,0.102,,,
EVT_44BCEB,timeline_09:18,0.11,,,0.11,,,
EVT_44BCEB,timeline_10:19,0.11,,,0.11,,,
EVT_44BCEB,timeline_11:19,0.11,,,0.11,,,
EVT_44BCEB,timeline_12:19,0.111,,,0.111,,,
EVT_44BCEB,timeline_13:20,0.111,,,0.111,,,
EVT_44BCEB,timeline_14:21,0.165,,,0.165,,,
EVT_44BCEB,timeline_15:22,0.165,,,0.165,,,
EVT_44BCEB,timeline_16:45,0.165,,,0.165,,,
EVT_44BCEB,timeline_17:46,0.165,,,0.165,,,
EVT_44BCEB,timeline_18:47,0.165,,,0.165,,,
EVT_44BCEB,timeline_19:47,0.165,,,0.165,,,
EVT_44BCEB,timeline_20:48,0.165,,,0.165,,,
EVT_44BCEB,timeline_21:48,0.165,,,0.165,,,
EVT_44BCEB,timeline_22:48,0.165,,,0.165,,,
EVT_44BCEB,timeline_23:49,0.165,,,0.165,,,
EVT_44BCEB,timeline_00:49,0.165,,,0.165,,,
EVT_44BCEB,timeline_01:50,0.165,,,0.165,,,
EVT_44BCEB,timeline_02:50,0.165,,,0.165,,,
EVT_44BCEB,timeline_03:51,0.165,,,0.165,,,
EVT_44BCEB,timeline_04:51,0.165,,,0.165,,,
EVT_44BCEB,timeline_05:52,0.165,,,0.165,,,
EVT_BCBBC3_1,timeline_06:51,0.025,,,0.025,,,
EVT_BCBBC3_1,timeline_07:51,0.025,,,0.025,,,
EVT_BCBBC3_1,timeline_08:51,0.025,,,0.025,,,
EVT_BCBBC3_1,timeline_09:51,0.025,,,0.025,,,
EVT_BCBBC3_1,timeline_10:52,0.025,,,0.025,,,
EVT_BCBBC3_1,timeline_11:52,0.025,,,0.025,,,
EVT_BCBBC3_1,timeline_12:53,0.025,,,0.025,,,
EVT_BCBBC3_1,timeline_13:54,0.025,,,0.025,,,
EVT_BCBBC3_1,timeline_14:55,0.025,,,0.025,,,
EVT_BCBBC3_1,timeline_15:55,0.025,,,0.025,,,
EVT_BCBBC3_1,timeline_17:14,0.025,,,0.025,,,
EVT_BCBBC3_1,timeline_18:15,0.025,,,0.025,,,
EVT_BCBBC3_1,timeline_19:15,0.025,,,0.025,,,
EVT_BCBBC3_1,timeline_20:15,0.025,,,0.025,,,
EVT_BCBBC3_1,timeline_21:16,0.025,,,0.025,,,
EVT_BCBBC3_1,timeline_22:16,0.025,,,0.025,,,
EVT_BCBBC3_1,timeline_23:16,0.024,,,0.024,,,
EVT_BCBBC3_1,timeline_00:16,0.024,,,0.024,,,
EVT_BCBBC3_1,timeline_01:16,0.023,,,0.023,,,
EVT_BCBBC3_1,timeline_02:06,0.022,,,0.022,,,
EVT_BCBBC3_1,timeline_03:07,0.022,,,0.022,,,
EVT_BCBBC3_1,timeline_04:07,0.024,,,0.024,,,
EVT_BCBBC3_1,timeline_05:07,0.024,,,0.024,,,
EVT_BCBBC3_1,timeline_06:14,0.023,,,0.023,,,
EVT_BCBBC3_1,timeline_07:17,0.025,,,0.025,,,
EVT_BCBBC3_1,timeline_08:18,0.023,,,0.023,,,
EVT_BCBBC3_1,timeline_09:18,0.023,,,0.023,,,
EVT_BCBBC3_1,timeline_10:19,0.023,,,0.023,,,
EVT_BCBBC3_1,timeline_11:19,0.025,,,0.025,,,
EVT_BCBBC3_1,timeline_12:19,0.022,,,0.022,,,
EVT_BCBBC3_1,timeline_13:20,0.024,,,0.024,,,
EVT_BCBBC3_1,timeline_14:21,0.19,,,0.19,,,
EVT_BCBBC3_1,timeline_15:22,0.19,,,0.19,,,
EVT_BCBBC3_1,timeline_16:45,0.19,,,0.19,,,
EVT_BCBBC3_1,timeline_17:46,0.19,,,0.19,,,
EVT_BCBBC3_1,timeline_18:47,0.2,,,0.2,,,
EVT_BCBBC3_1,timeline_19:47,0.2,,,0.2,,,
EVT_BCBBC3_1,timeline_20:48,0.22,,,0.22,,,
EVT_BCBBC3_1,timeline_21:48,0.215,,,0.215,,,
EVT_BCBBC3_1,timeline_22:48,0.215,,,0.215,,,
EVT_BCBBC3_1,timeline_23:49,0.215,,,0.215,,,
EVT_BCBBC3_1,timeline_00:49,0.2,,,0.2,,,
EVT_BCBBC3_1,timeline_01:50,0.2,,,0.2,,,
EVT_BCBBC3_1,timeline_02:50,0.205,,,0.205,,,
EVT_BCBBC3_1,timeline_03:51,0.195,,,0.195,,,
EVT_BCBBC3_1,timeline_04:51,0.205,,,0.205,,,
EVT_BCBBC3_1,timeline_05:52,0.2,,,0.2,,,
EVT_10D9DA_1,timeline_06:51,1.0,,,1.0,,,
EVT_10D9DA_1,timeline_07:51,1.0,,,1.0,,,
EVT_10D9DA_1,timeline_08:51,1.0,,,1.0,,,
EVT_10D9DA_1,timeline_09:51,1.0,,,1.0,,,
EVT_10D9DA_1,timeline_10:52,1.0,,,1.0,,,
EVT_10D9DA_1,timeline_11:52,1.0,,,1.0,,,
EVT_10D9DA_1,timeline_12:53,1.0,,,1.0,,,
EVT_10D9DA_1,timeline_13:54,1.0,,,1.0,,,
EVT_10D9DA_1,timeline_14:55,1.0,,,1.0,,,
EVT_10D9DA_1,timeline_15:55,1.0,,,1.0,,,
EVT_10D9DA_1,timeline_17:14,1.0,,,1.0,,,
EVT_10D9DA_1,timeline_18:15,1.0,,,1.0,,,
EVT_10D9DA_1,timeline_19:15,1.0,,,1.0,,,
EVT_10D9DA_1,timeline_20:15,1.0,,,1.0,,,
EVT_10D9DA_1,timeline_21:16,1.0,,,1.0,,,
EVT_10D9DA_1,timeline_22:16,1.0,,,1.0,,,
EVT_10D9DA_1,timeline_23:16,1.0,,,1.0,,,
EVT_10D9DA_1,timeline_00:16,1.0,,,1.0,,,
EVT_10D9DA_1,timeline_01:16,1.0,,,1.0,,,
EVT_10D9DA_1,timeline_02:06,1.0,,,1.0,,,
EVT_10D9DA_1,timeline_03:07,1.0,,,1.0,,,
EVT_10D9DA_1,timeline_04:07,1.0,,,1.0,,,
EVT_10D9DA_1,timeline_05:07,1.0,,,1.0,,,
EVT_10D9DA_1,timeline_06:14,1.0,,,1.0,,,
EVT_10D9DA_1,timeline_07:17,1.0,,,1.0,,,
EVT_10D9DA_1,timeline_08:18,1.0,,,1.0,,,
EVT_10D9DA_1,timeline_09:18,1.0,,,1.0,,,
EVT_10D9DA_1,timeline_10:19,1.0,,,1.0,,,
EVT_10D9DA_1,timeline_11:19,1.0,,,1.0,,,
EVT_10D9DA_1,timeline_12:19,1.0,,,1.0,,,
EVT_10D9DA_1,timeline_13:20,1.0,,,1.0,,,
EVT_10D9DA_1,timeline_14:21,1.0,,,1.0,,,
EVT_10D9DA_1,timeline_15:22,1.0,,,1.0,,,
EVT_090914_2,timeline_08:56,0.17,,,0.17,,,
EVT_090914_2,timeline_09:58,0.17,,,0.17,,,
EVT_090914_2,timeline_10:59,0.17,,,0.17,,,
EVT_090914_2,timeline_11:53,0.17,,,0.17,,,
EVT_090914_2,timeline_13:12,0.17,,,0.17,,,
EVT_090914_2,timeline_14:43,0.17,,,0.17,,,
EVT_090914_2,timeline_15:43,0.17,,,0.17,,,
EVT_090914_2,timeline_16:44,0.17,,,0.17,,,
EVT_090914_2,timeline_18:02,0.17,,,0.17,,,
EVT_090914_2,timeline_19:02,0.17,,,0.17,,,
EVT_090914_2,timeline_20:03,0.17,,,0.17,,,
EVT_090914_2,timeline_21:03,0.17,,,0.17,,,
EVT_090914_2,timeline_22:06,0.17,,,0.17,,,
EVT_090914_2,timeline_23:06,0.17,,,0.17,,,
EVT_090914_2,timeline_00:07,0.17,,,0.17,,,
EVT_090914_2,timeline_01:07,0.17,,,0.17,,,
EVT_090914_2,timeline_02:08,0.17,,,0.17,,,
EVT_090914_2,timeline_03:10,0.17,,,0.17,,,
EVT_090914_2,timeline_04:11,0.17,,,0.17,,,
EVT_090914_2,timeline_05:11,0.17,,,0.17,,,
EVT_090914_2,timeline_06:11,0.17,,,0.17,,,
EVT_090914_2,timeline_07:52,0.17,,,0.17,,,
EVT_090914_2,timeline_09:24,0.17,,,0.17,,,
EVT_090914_2,timeline_10:25,0.17,,,0.17,,,
EVT_090914_2,timeline_11:26,0.17,,,0.17,,,
EVT_090914_2,timeline_12:26,0.17,,,0.17,,,
EVT_090914_2,timeline_13:27,0.17,,,0.17,,,
EVT_090914_2,timeline_14:28,0.17,,,0.17,,,
EVT_090914_2,timeline_15:29,0.17,,,0.17,,,
EVT_090914_2,timeline_16:29,0.17,,,0.17,,,
EVT_090914_2,timeline_17:30,0.17,,,0.17,,,
EVT_090914_2,timeline_18:31,0.17,,,0.17,,,
EVT_090914_2,timeline_19:31,0.17,,,0.17,,,
EVT_090914_2,timeline_20:32,0.17,,,0.17,,,
EVT_090914_2,timeline_21:32,0.17,,,0.17,,,
EVT_090914_2,timeline_22:32,0.17,,,0.17,,,
EVT_090914_2,timeline_23:33,0.17,,,0.17,,,
EVT_090914_2,timeline_00:34,0.17,,,0.17,,,
EVT_090914_2,timeline_01:34,0.17,,,0.17,,,
EVT_090914_2,timeline_02:35,0.17,,,0.17,,,
EVT_090914_2,timeline_03:36,0.17,,,0.17,,,
EVT_090914_2,timeline_04:36,0.17,,,0.17,,,
EVT_090914_2,timeline_05:37,0.17,,,0.17,,,
EVT_090914_2,timeline_06:38,0.17,,,0.17,,,
EVT_090914_2,timeline_07:51,0.17,,,0.17,,,
EVT_090914_2,timeline_08:51,0.17,,,0.17,,,
EVT_090914_2,timeline_09:51,0.17,,,0.17,,,
EVT_090914_2,timeline_10:52,0.17,,,0.17,,,
EVT_090914_2,timeline_11:52,0.17,,,0.17,,,
EVT_090914_2,timeline_12:53,0.17,,,0.17,,,
EVT_090914_2,timeline_13:54,0.17,,,0.17,,,
EVT_090914_2,timeline_14:55,0.17,,,0.17,,,
EVT_090914_2,timeline_15:55,0.19,,,0.19,,,
EVT_090914_2,timeline_17:14,0.19,,,0.19,,,
EVT_090914_2,timeline_18:15,0.19,,,0.19,,,
EVT_090914_2,timeline_19:15,0.19,,,0.19,,,
EVT_090914_2,timeline_20:15,0.19,,,0.19,,,
EVT_090914_2,timeline_21:16,0.19,,,0.19,,,
EVT_090914_2,timeline_22:16,0.19,,,0.19,,,
EVT_090914_2,timeline_23:16,0.19,,,0.19,,,
EVT_090914_2,timeline_00:16,0.19,,,0.19,,,
EVT_090914_2,timeline_01:05,0.215,,,0.215,,,
EVT_090914_2,timeline_02:06,0.215,,,0.215,,,
EVT_090914_2,timeline_03:07,0.215,,,0.215,,,
EVT_090914_2,timeline_04:07,0.225,,,0.225,,,
EVT_090914_2,timeline_05:07,0.225,,,0.225,,,
EVT_090914_2,timeline_06:14,0.225,,,0.225,,,
EVT_090914_2,timeline_07:17,0.225,,,0.225,,,
EVT_090914_2,timeline_08:18,0.22,,,0.22,,,
EVT_090914_2,timeline_09:18,0.22,,,0.22,,,
EVT_090914_2,timeline_10:19,0.22,,,0.22,,,
EVT_090914_2,timeline_11:19,0.22,,,0.22,,,
EVT_090914_2,timeline_12:19,0.22,,,0.22,,,
EVT_090914_2,timeline_13:20,0.22,,,0.22,,,
EVT_090914_2,timeline_14:21,0.22,,,0.22,,,
EVT_090914_2,timeline_15:22,0.225,,,0.225,,,
EVT_090914_2,timeline_16:45,0.22,,,0.22,,,
EVT_090914_2,timeline_17:46,0.22,,,0.22,,,
EVT_090914_2,timeline_18:47,0.22,,,0.22,,,
EVT_090914_2,timeline_19:47,0.22,,,0.22,,,
EVT_090914_2,timeline_20:48,0.22,,,0.22,,,
EVT_090914_2,timeline_21:48,0.22,,,0.22,,,
EVT_090914_2,timeline_22:48,0.225,,,0.225,,,
EVT_090914_2,timeline_23:49,0.225,,,0.225,,,
EVT_090914_2,timeline_00:49,0.225,,,0.225,,,
EVT_090914_2,timeline_01:50,0.225,,,0.225,,,
EVT_090914_2,timeline_02:50,0.225,,,0.225,,,
EVT_090914_2,timeline_03:51,0.225,,,0.225,,,
EVT_090914_2,timeline_04:51,0.225,,,0.225,,,
EVT_090914_2,timeline_05:52,0.225,,,0.225,,,
EVT_4B6645,timeline_08:56,0.105,,,0.105,,,
EVT_4B6645,timeline_09:58,0.105,,,0.105,,,
EVT_4B6645,timeline_10:59,0.105,,,0.105,,,
EVT_4B6645,timeline_11:53,0.105,,,0.105,,,
EVT_4B6645,timeline_13:12,0.105,,,0.105,,,
EVT_4B6645,timeline_14:43,0.105,,,0.105,,,
EVT_4B6645,timeline_15:43,0.1,,,0.1,,,
EVT_4B6645,timeline_16:44,0.1,,,0.1,,,
EVT_4B6645,timeline_18:02,0.1,,,0.1,,,
EVT_4B6645,timeline_19:02,0.1,,,0.1,,,
EVT_4B6645,timeline_20:03,0.1,,,0.1,,,
EVT_4B6645,timeline_21:03,0.1,,,0.1,,,
EVT_4B6645,timeline_22:06,0.1,,,0.1,,,
EVT_4B6645,timeline_23:06,0.1,,,0.1,,,
EVT_4B6645,timeline_00:07,0.1,,,0.1,,,
EVT_4B6645,timeline_01:07,0.1,,,0.1,,,
EVT_4B6645,timeline_02:08,0.1,,,0.1,,,
EVT_4B6645,timeline_03:10,0.1,,,0.1,,,
EVT_4B6645,timeline_04:11,0.1,,,0.1,,,
EVT_4B6645,timeline_05:11,0.1,,,0.1,,,
EVT_4B6645,timeline_06:11,0.1,,,0.1,,,
EVT_4B6645,timeline_07:52,0.1,,,0.1,,,
EVT_4B6645,timeline_09:24,0.1,,,0.1,,,
EVT_4B6645,timeline_10:25,0.1,,,0.1,,,
EVT_4B6645,timeline_11:26,0.1,,,0.1,,,
EVT_4B6645,timeline_12:26,0.1,,,0.1,,,
EVT_4B6645,timeline_13:27,0.1,,,0.1,,,
EVT_4B6645,timeline_14:28,0.1,,,0.1,,,
EVT_4B6645,timeline_15:29,0.1,,,0.1,,,
EVT_4B6645,timeline_16:29,0.1,,,0.1,,,
EVT_4B6645,timeline_17:30,0.1,,,0.1,,,
EVT_4B6645,timeline_18:31,0.1,,,0.1,,,
EVT_4B6645,timeline_19:31,0.1,,,0.1,,,
EVT_4B6645,timeline_20:32,0.1,,,0.1,,,
EVT_4B6645,timeline_21:32,0.1,,,0.1,,,
EVT_4B6645,timeline_22:32,0.1,,,0.1,,,
EVT_4B6645,timeline_23:33,0.1,,,0.1,,,
EVT_4B6645,timeline_00:34,0.1,,,0.1,,,
EVT_4B6645,timeline_01:34,0.1,,,0.1,,,
EVT_4B6645,timeline_02:35,0.1,,,0.1,,,
EVT_4B6645,timeline_03:36,0.1,,,0.1,,,
EVT_4B6645,timeline_04:36,0.1,,,0.1,,,
EVT_4B6645,timeline_05:37,0.105,,,0.105,,,
EVT_4B6645,timeline_06:38,0.105,,,0.105,,,
EVT_4B6645,timeline_07:51,0.1,,,0.1,,,
EVT_4B6645,timeline_08:51,0.105,,,0.105,,,
EVT_4B6645,timeline_09:51,0.105,,,0.105,,,
EVT_4B6645,timeline_10:52,0.105,,,0.105,,,
EVT_4B6645,timeline_11:52,0.105,,,0.105,,,
EVT_4B6645,timeline_12:53,0.125,,,0.125,,,
EVT_4B6645,timeline_13:54,0.125,,,0.125,,,
EVT_4B6645,timeline_14:55,0.12,,,0.12,,,
EVT_4B6645,timeline_15:55,0.125,,,0.125,,,
EVT_4B6645,timeline_17:14,0.125,,,0.125,,,
EVT_4B6645,timeline_18:15,0.125,,,0.125,,,
EVT_4B6645,timeline_19:15,0.125,,,0.125,,,
EVT_4B6645,timeline_20:15,0.11,,,0.11,,,
EVT_4B6645,timeline_21:16,0.115,,,0.115,,,
EVT_4B6645,timeline_22:16,0.115,,,0.115,,,
EVT_4B6645,timeline_23:16,0.115,,,0.115,,,
EVT_4B6645,timeline_00:16,0.115,,,0.115,,,
EVT_4B6645,timeline_01:05,0.115,,,0.115,,,
EVT_4B6645,timeline_02:06,0.115,,,0.115,,,
EVT_4B6645,timeline_03:07,0.115,,,0.115,,,
EVT_4B6645,timeline_04:07,0.115,,,0.115,,,
EVT_4B6645,timeline_05:07,0.115,,,0.115,,,
EVT_4B6645,timeline_06:14,0.115,,,0.115,,,
EVT_4B6645,timeline_07:17,0.115,,,0.115,,,
EVT_4B6645,timeline_08:18,0.115,,,0.115,,,
EVT_4B6645,timeline_09:18,0.115,,,0.115,,,
EVT_4B6645,timeline_10:19,0.11,,,0.11,,,
EVT_4B6645,timeline_11:19,0.1,,,0.1,,,
EVT_4B6645,timeline_12:19,0.1,,,0.1,,,
EVT_4B6645,timeline_13:20,0.1,,,0.1,,,
EVT_4B6645,timeline_14:21,0.295,,,0.295,,,
EVT_4B6645,timeline_15:22,0.295,,,0.295,,,
EVT_4B6645,timeline_16:45,0.295,,,0.295,,,
EVT_4B6645,timeline_17:46,0.295,,,0.295,,,
EVT_4B6645,timeline_18:47,0.295,,,0.295,,,
EVT_4B6645,timeline_19:47,0.295,,,0.295,,,
EVT_4B6645,timeline_20:48,0.3,,,0.3,,,
EVT_4B6645,timeline_21:48,0.3,,,0.3,,,
EVT_4B6645,timeline_22:48,0.3,,,0.3,,,
EVT_4B6645,timeline_23:49,0.3,,,0.3,,,
EVT_4B6645,timeline_00:49,0.3,,,0.3,,,
EVT_4B6645,timeline_01:50,0.29,,,0.29,,,
EVT_4B6645,timeline_02:50,0.29,,,0.29,,,
EVT_4B6645,timeline_03:51,0.295,,,0.295,,,
EVT_4B6645,timeline_04:51,0.29,,,0.29,,,
EVT_4B6645,timeline_05:52,0.29,,,0.29,,,
EVT_10D9DA_2,timeline_08:56,0.51,,,0.51,,,
EVT_10D9DA_2,timeline_09:58,0.51,,,0.51,,,
EVT_10D9DA_2,timeline_10:59,0.51,,,0.51,,,
EVT_10D9DA_2,timeline_11:53,0.51,,,0.51,,,
EVT_10D9DA_2,timeline_13:12,0.51,,,0.51,,,
EVT_10D9DA_2,timeline_14:43,0.515,,,0.515,,,
EVT_10D9DA_2,timeline_15:43,0.515,,,0.515,,,
EVT_10D9DA_2,timeline_16:44,0.52,,,0.52,,,
EVT_10D9DA_2,timeline_18:02,0.53,,,0.53,,,
EVT_10D9DA_2,timeline_19:02,0.535,,,0.535,,,
EVT_10D9DA_2,timeline_20:03,0.545,,,0.545,,,
EVT_10D9DA_2,timeline_21:03,0.55,,,0.55,,,
EVT_10D9DA_2,timeline_22:06,0.555,,,0.555,,,
EVT_10D9DA_2,timeline_23:06,0.555,,,0.555,,,
EVT_10D9DA_2,timeline_00:07,0.55,,,0.55,,,
EVT_10D9DA_2,timeline_01:07,0.55,,,0.55,,,
EVT_10D9DA_2,timeline_02:08,0.555,,,0.555,,,
EVT_10D9DA_2,timeline_03:10,0.545,,,0.545,,,
EVT_10D9DA_2,timeline_04:11,0.545,,,0.545,,,
EVT_10D9DA_2,timeline_05:11,0.545,,,0.545,,,
EVT_10D9DA_2,timeline_06:11,0.545,,,0.545,,,
EVT_10D9DA_2,timeline_07:52,0.545,,,0.545,,,
EVT_10D9DA_2,timeline_09:24,0.545,,,0.545,,,
EVT_10D9DA_2,timeline_10:25,0.545,,,0.545,,,
EVT_10D9DA_2,timeline_11:26,0.545,,,0.545,,,
EVT_10D9DA_2,timeline_12:26,0.545,,,0.545,,,
EVT_10D9DA_2,timeline_13:27,0.55,,,0.55,,,
EVT_10D9DA_2,timeline_14:28,0.55,,,0.55,,,
EVT_10D9DA_2,timeline_15:29,0.535,,,0.535,,,
EVT_10D9DA_2,timeline_16:29,0.535,,,0.535,,,
EVT_10D9DA_2,timeline_17:30,0.535,,,0.535,,,
EVT_10D9DA_2,timeline_18:31,0.54,,,0.54,,,
EVT_10D9DA_2,timeline_19:31,0.535,,,0.535,,,
EVT_10D9DA_2,timeline_20:32,0.54,,,0.54,,,
EVT_10D9DA_2,timeline_21:32,0.54,,,0.54,,,
EVT_10D9DA_2,timeline_22:32,0.54,,,0.54,,,
EVT_10D9DA_2,timeline_23:33,0.54,,,0.54,,,
EVT_10D9DA_2,timeline_00:34,0.54,,,0.54,,,
EVT_10D9DA_2,timeline_01:34,0.53,,,0.53,,,
EVT_10D9DA_2,timeline_02:35,0.535,,,0.535,,,
EVT_10D9DA_2,timeline_03:36,0.53,,,0.53,,,
EVT_10D9DA_2,timeline_04:36,0.53,,,0.53,,,
EVT_10D9DA_2,timeline_05:37,0.535,,,0.535,,,
EVT_10D9DA_2,timeline_06:38,0.535,,,0.535,,,
EVT_10D9DA_2,timeline_07:51,0.53,,,0.53,,,
EVT_10D9DA_2,timeline_08:51,0.53,,,0.53,,,
EVT_10D9DA_2,timeline_09:51,0.525,,,0.525,,,
EVT_10D9DA_2,timeline_10:52,0.525,,,0.525,,,
EVT_10D9DA_2,timeline_11:52,0.525,,,0.525,,,
EVT_10D9DA_2,timeline_12:53,0.52,,,0.52,,,
EVT_10D9DA_2,timeline_13:54,0.52,,,0.52,,,
EVT_10D9DA_2,timeline_14:55,0.52,,,0.52,,,
EVT_10D9DA_2,timeline_15:55,0.52,,,0.52,,,
EVT_10D9DA_2,timeline_17:14,0.525,,,0.525,,,
EVT_10D9DA_2,timeline_18:15,0.52,,,0.52,,,
EVT_10D9DA_2,timeline_19:15,0.52,,,0.52,,,
EVT_10D9DA_2,timeline_20:15,0.52,,,0.52,,,
EVT_10D9DA_2,timeline_21:16,0.52,,,0.52,,,
EVT_10D9DA_2,timeline_22:16,0.52,,,0.52,,,
EVT_10D9DA_2,timeline_23:16,0.52,,,0.52,,,
EVT_10D9DA_2,timeline_00:16,0.52,,,0.52,,,
EVT_10D9DA_2,timeline_01:05,0.52,,,0.52,,,
EVT_10D9DA_2,timeline_02:06,0.515,,,0.515,,,
EVT_10D9DA_2,timeline_03:07,0.515,,,0.515,,,
EVT_10D9DA_2,timeline_04:07,0.515,,,0.515,,,
EVT_10D9DA_2,timeline_05:07,0.51,,,0.51,,,
EVT_10D9DA_2,timeline_06:14,0.51,,,0.51,,,
EVT_10D9DA_2,timeline_07:17,0.51,,,0.51,,,
EVT_10D9DA_2,timeline_08:18,0.51,,,0.51,,,
EVT_10D9DA_2,timeline_09:18,0.51,,,0.51,,,
EVT_10D9DA_2,timeline_10:19,0.51,,,0.51,,,
EVT_10D9DA_2,timeline_11:19,0.505,,,0.505,,,
EVT_10D9DA_2,timeline_12:19,0.505,,,0.505,,,
EVT_10D9DA_2,timeline_13:20,0.505,,,0.505,,,
EVT_10D9DA_2,timeline_14:21,0.505,,,0.505,,,
EVT_10D9DA_2,timeline_15:22,0.515,,,0.515,,,
EVT_10D9DA_2,timeline_16:45,0.51,,,0.51,,,
EVT_10D9DA_2,timeline_17:46,0.51,,,0.51,,,
EVT_10D9DA_2,timeline_18:47,0.51,,,0.51,,,
EVT_10D9DA_2,timeline_19:47,0.51,,,0.51,,,
EVT_10D9DA_2,timeline_20:48,0.51,,,0.51,,,
EVT_10D9DA_2,timeline_21:48,0.51,,,0.51,,,
EVT_10D9DA_2,timeline_22:48,0.515,,,0.515,,,
EVT_10D9DA_2,timeline_23:49,0.515,,,0.515,,,
EVT_10D9DA_2,timeline_00:49,0.505,,,0.505,,,
EVT_10D9DA_2,timeline_01:50,0.505,,,0.505,,,
EVT_10D9DA_2,timeline_02:50,0.505,,,0.505,,,
EVT_10D9DA_2,timeline_03:51,0.505,,,0.505,,,
EVT_10D9DA_2,timeline_04:51,0.505,,,0.505,,,
EVT_10D9DA_2,timeline_05:52,0.505,,,0.505,,,
EVT_BCBBC3_2,timeline_08:56,0.025,,,0.025,,,
EVT_BCBBC3_2,timeline_09:58,0.025,,,0.025,,,
EVT_BCBBC3_2,timeline_10:59,0.025,,,0.025,,,
EVT_BCBBC3_2,timeline_11:53,0.025,,,0.025,,,
EVT_BCBBC3_2,timeline_13:12,0.025,,,0.025,,,
EVT_BCBBC3_2,timeline_14:43,0.025,,,0.025,,,
EVT_BCBBC3_2,timeline_15:43,0.025,,,0.025,,,
EVT_BCBBC3_2,timeline_16:44,0.025,,,0.025,,,
EVT_BCBBC3_2,timeline_18:02,0.025,,,0.025,,,
EVT_BCBBC3_2,timeline_19:02,0.025,,,0.025,,,
EVT_BCBBC3_2,timeline_20:03,0.025,,,0.025,,,
EVT_BCBBC3_2,timeline_21:03,0.025,,,0.025,,,
EVT_BCBBC3_2,timeline_22:06,0.025,,,0.025,,,
EVT_BCBBC3_2,timeline_23:06,0.025,,,0.025,,,
EVT_BCBBC3_2,timeline_00:07,0.025,,,0.025,,,
EVT_BCBBC3_2,timeline_01:07,0.025,,,0.025,,,
EVT_BCBBC3_2,timeline_02:08,0.025,,,0.025,,,
EVT_BCBBC3_2,timeline_03:10,0.025,,,0.025,,,
EVT_BCBBC3_2,timeline_04:11,0.025,,,0.025,,,
EVT_BCBBC3_2,timeline_05:11,0.025,,,0.025,,,
EVT_BCBBC3_2,timeline_06:11,0.025,,,0.025,,,
EVT_BCBBC3_2,timeline_07:52,0.025,,,0.025,,,
EVT_BCBBC3_2,timeline_09:24,0.025,,,0.025,,,
EVT_BCBBC3_2,timeline_10:25,0.025,,,0.025,,,
EVT_BCBBC3_2,timeline_11:26,0.025,,,0.025,,,
EVT_BCBBC3_2,timeline_12:26,0.025,,,0.025,,,
EVT_BCBBC3_2,timeline_13:27,0.025,,,0.025,,,
EVT_BCBBC3_2,timeline_14:28,0.025,,,0.025,,,
EVT_BCBBC3_2,timeline_15:29,0.025,,,0.025,,,
EVT_BCBBC3_2,timeline_16:29,0.025,,,0.025,,,
EVT_BCBBC3_2,timeline_17:30,0.025,,,0.025,,,
EVT_BCBBC3_2,timeline_18:31,0.025,,,0.025,,,
EVT_BCBBC3_2,timeline_19:31,0.025,,,0.025,,,
EVT_BCBBC3_2,timeline_20:32,0.025,,,0.025,,,
EVT_BCBBC3_2,timeline_21:32,0.025,,,0.025,,,
EVT_BCBBC3_2,timeline_22:32,0.025,,,0.025,,,
EVT_BCBBC3_2,timeline_23:33,0.025,,,0.025,,,
EVT_BCBBC3_2,timeline_00:34,0.025,,,0.025,,,
EVT_BCBBC3_2,timeline_01:34,0.025,,,0.025,,,
EVT_BCBBC3_2,timeline_02:35,0.025,,,0.025,,,
EVT_BCBBC3_2,timeline_03:36,0.025,,,0.025,,,
EVT_BCBBC3_2,timeline_04:36,0.025,,,0.025,,,
EVT_BCBBC3_2,timeline_05:37,0.025,,,0.025,,,
EVT_BCBBC3_2,timeline_06:38,0.025,,,0.025,,,
EVT_BCBBC3_2,timeline_07:51,0.025,,,0.025,,,
EVT_BCBBC3_2,timeline_08:51,0.025,,,0.025,,,
EVT_BCBBC3_2,timeline_09:51,0.025,,,0.025,,,
EVT_BCBBC3_2,timeline_10:52,0.025,,,0.025,,,
EVT_BCBBC3_2,timeline_11:52,0.025,,,0.025,,,
EVT_BCBBC3_2,timeline_12:53,0.025,,,0.025,,,
EVT_BCBBC3_2,timeline_13:54,0.025,,,0.025,,,
EVT_BCBBC3_2,timeline_14:55,0.025,,,0.025,,,
EVT_BCBBC3_2,timeline_15:55,0.025,,,0.025,,,
EVT_BCBBC3_2,timeline_17:14,0.025,,,0.025,,,
EVT_BCBBC3_2,timeline_18:15,0.025,,,0.025,,,
EVT_BCBBC3_2,timeline_19:15,0.025,,,0.025,,,
EVT_BCBBC3_2,timeline_20:15,0.025,,,0.025,,,
EVT_BCBBC3_2,timeline_21:16,0.025,,,0.025,,,
EVT_BCBBC3_2,timeline_22:16,0.025,,,0.025,,,
EVT_BCBBC3_2,timeline_23:16,0.024,,,0.024,,,
EVT_BCBBC3_2,timeline_00:16,0.024,,,0.024,,,
EVT_BCBBC3_2,timeline_01:05,0.024,,,0.024,,,
EVT_BCBBC3_2,timeline_02:06,0.022,,,0.022,,,
EVT_BCBBC3_2,timeline_03:07,0.022,,,0.022,,,
EVT_BCBBC3_2,timeline_04:07,0.024,,,0.024,,,
EVT_BCBBC3_2,timeline_05:07,0.024,,,0.024,,,
EVT_BCBBC3_2,timeline_06:14,0.023,,,0.023,,,
EVT_BCBBC3_2,timeline_07:17,0.025,,,0.025,,,
EVT_BCBBC3_2,timeline_08:18,0.023,,,0.023,,,
EVT_BCBBC3_2,timeline_09:18,0.023,,,0.023,,,
EVT_BCBBC3_2,timeline_10:19,0.023,,,0.023,,,
EVT_BCBBC3_2,timeline_11:19,0.025,,,0.025,,,
EVT_BCBBC3_2,timeline_12:19,0.022,,,0.022,,,
EVT_BCBBC3_2,timeline_13:20,0.025,,,0.025,,,
EVT_BCBBC3_2,timeline_14:21,0.19,,,0.19,,,
EVT_BCBBC3_2,timeline_15:22,0.19,,,0.19,,,
EVT_BCBBC3_2,timeline_16:45,0.19,,,0.19,,,
EVT_BCBBC3_2,timeline_17:46,0.19,,,0.19,,,
EVT_BCBBC3_2,timeline_18:47,0.2,,,0.2,,,
EVT_BCBBC3_2,timeline_19:47,0.2,,,0.2,,,
EVT_BCBBC3_2,timeline_20:48,0.22,,,0.22,,,
EVT_BCBBC3_2,timeline_21:48,0.215,,,0.215,,,
EVT_BCBBC3_2,timeline_22:48,0.215,,,0.215,,,
EVT_BCBBC3_2,timeline_23:49,0.215,,,0.215,,,
EVT_BCBBC3_2,timeline_00:49,0.2,,,0.2,,,
EVT_BCBBC3_2,timeline_01:50,0.2,,,0.2,,,
EVT_BCBBC3_2,timeline_02:50,0.205,,,0.205,,,
EVT_BCBBC3_2,timeline_03:51,0.195,,,0.195,,,
EVT_BCBBC3_2,timeline_04:51,0.205,,,0.205,,,
EVT_BCBBC3_2,timeline_05:52,0.2,,,0.2,,,
EVT_A10667,timeline_06:17,0.775,,,0.775,,,
EVT_A10667,timeline_07:17,0.75,,,0.75,,,
EVT_A10667,timeline_08:18,0.75,,,0.75,,,
EVT_A10667,timeline_09:18,0.75,,,0.75,,,
EVT_A10667,timeline_10:19,0.75,,,0.75,,,
EVT_A10667,timeline_11:19,0.755,,,0.755,,,
EVT_A10667,timeline_12:19,0.75,,,0.75,,,
EVT_A10667,timeline_13:20,0.75,,,0.75,,,
EVT_A10667,timeline_14:21,0.73,,,0.73,,,
EVT_A10667,timeline_15:22,0.77,,,0.77,,,
EVT_A10667,timeline_16:45,0.76,,,0.76,,,
EVT_A10667,timeline_17:46,0.77,,,0.77,,,
EVT_A10667,timeline_18:47,0.76,,,0.76,,,
EVT_A10667,timeline_19:47,0.76,,,0.76,,,
EVT_A10667,timeline_20:48,0.765,,,0.765,,,
EVT_A10667,timeline_21:48,0.735,,,0.735,,,
EVT_A10667,timeline_22:48,0.735,,,0.735,,,
EVT_A10667,timeline_23:49,0.735,,,0.735,,,
EVT_A10667,timeline_00:49,0.735,,,0.735,,,
EVT_A10667,timeline_01:50,0.735,,,0.735,,,
EVT_A10667,timeline_02:50,0.725,,,0.725,,,
EVT_A10667,timeline_03:51,0.725,,,0.725,,,
EVT_A10667,timeline_04:51,0.725,,,0.725,,,
EVT_A10667,timeline_05:52,0.725,,,0.725,,,
EVT_10D9DA_3,timeline_06:17,0.51,,,0.51,,,
EVT_10D9DA_3,timeline_07:17,0.51,,,0.51,,,
EVT_10D9DA_3,timeline_08:18,0.51,,,0.51,,,
EVT_10D9DA_3,timeline_09:18,0.51,,,0.51,,,
EVT_10D9DA_3,timeline_10:19,0.51,,,0.51,,,
EVT_10D9DA_3,timeline_11:19,0.505,,,0.505,,,
EVT_10D9DA_3,timeline_12:19,0.505,,,0.505,,,
EVT_10D9DA_3,timeline_13:20,0.505,,,0.505,,,
EVT_10D9DA_3,timeline_14:21,0.505,,,0.505,,,
EVT_10D9DA_3,timeline_15:22,0.515,,,0.515,,,
EVT_10D9DA_3,timeline_16:45,0.51,,,0.51,,,
EVT_10D9DA_3,timeline_17:46,0.51,,,0.51,,,
EVT_10D9DA_3,timeline_18:47,0.51,,,0.51,,,
EVT_10D9DA_3,timeline_19:47,0.51,,,0.51,,,
EVT_10D9DA_3,timeline_20:48,0.51,,,0.51,,,
EVT_10D9DA_3,timeline_21:48,0.51,,,0.51,,,
EVT_10D9DA_3,timeline_22:48,0.515,,,0.515,,,
EVT_10D9DA_3,timeline_23:49,0.515,,,0.515,,,
EVT_10D9DA_3,timeline_00:49,0.505,,,0.505,,,
EVT_10D9DA_3,timeline_01:50,0.505,,,0.505,,,
EVT_10D9DA_3,timeline_02:50,0.505,,,0.505,,,
EVT_10D9DA_3,timeline_03:51,0.505,,,0.505,,,
EVT_10D9DA_3,timeline_04:51,0.505,,,0.505,,,
EVT_10D9DA_3,timeline_05:52,0.505,,,0.505,,,
EVT_BCBBC3_3,timeline_06:17,0.023,,,0.023,,,
EVT_BCBBC3_3,timeline_07:17,0.025,,,0.025,,,
EVT_BCBBC3_3,timeline_08:18,0.023,,,0.023,,,
EVT_BCBBC3_3,timeline_09:18,0.023,,,0.023,,,
EVT_BCBBC3_3,timeline_10:19,0.023,,,0.023,,,
EVT_BCBBC3_3,timeline_11:19,0.025,,,0.025,,,
EVT_BCBBC3_3,timeline_12:19,0.022,,,0.022,,,
EVT_BCBBC3_3,timeline_13:20,0.022,,,0.022,,,
EVT_BCBBC3_3,timeline_14:21,0.19,,,0.19,,,
EVT_BCBBC3_3,timeline_15:22,0.19,,,0.19,,,
EVT_BCBBC3_3,timeline_16:45,0.19,,,0.19,,,
EVT_BCBBC3_3,timeline_17:46,0.19,,,0.19,,,
EVT_BCBBC3_3,timeline_18:47,0.2,,,0.2,,,
EVT_BCBBC3_3,timeline_19:47,0.2,,,0.2,,,
EVT_BCBBC3_3,timeline_20:48,0.22,,,0.22,,,
EVT_BCBBC3_3,timeline_21:48,0.215,,,0.215,,,
EVT_BCBBC3_3,timeline_22:48,0.215,,,0.215,,,
EVT_BCBBC3_3,timeline_23:49,0.215,,,0.215,,,
EVT_BCBBC3_3,timeline_00:49,0.2,,,0.2,,,
EVT_BCBBC3_3,timeline_01:50,0.2,,,0.2,,,
EVT_BCBBC3_3,timeline_02:50,0.205,,,0.205,,,
EVT_BCBBC3_3,timeline_03:51,0.195,,,0.195,,,
EVT_BCBBC3_3,timeline_04:51,0.205,,,0.205,,,
EVT_BCBBC3_3,timeline_05:52,0.2,,,0.2,,,
EVT_01697E_1,timeline_06:17,0.235,,,0.235,,,
EVT_01697E_1,timeline_07:17,0.23,,,0.23,,,
EVT_01697E_1,timeline_08:18,0.235,,,0.235,,,
EVT_01697E_1,timeline_09:18,0.235,,,0.235,,,
EVT_01697E_1,timeline_10:19,0.24,,,0.24,,,
EVT_01697E_1,timeline_11:19,0.24,,,0.24,,,
EVT_01697E_1,timeline_12:19,0.24,,,0.24,,,
EVT_01697E_1,timeline_13:20,0.225,,,0.225,,,
EVT_01697E_1,timeline_14:21,0.23,,,0.23,,,
EVT_01697E_1,timeline_15:22,0.23,,,0.23,,,
EVT_01697E_1,timeline_16:45,0.225,,,0.225,,,
EVT_01697E_1,timeline_17:46,0.225,,,0.225,,,
EVT_01697E_1,timeline_18:47,0.225,,,0.225,,,
EVT_01697E_1,timeline_19:47,0.22,,,0.22,,,
EVT_01697E_1,timeline_20:48,0.215,,,0.215,,,
EVT_01697E_1,timeline_21:48,0.215,,,0.215,,,
EVT_01697E_1,timeline_22:48,0.215,,,0.215,,,
EVT_01697E_1,timeline_23:49,0.22,,,0.22,,,
EVT_01697E_1,timeline_00:49,0.225,,,0.225,,,
EVT_01697E_1,timeline_01:50,0.225,,,0.225,,,
EVT_01697E_1,timeline_02:50,0.225,,,0.225,,,
EVT_01697E_1,timeline_03:51,0.22,,,0.22,,,
EVT_01697E_1,timeline_04:51,0.22,,,0.22,,,
EVT_01697E_1,timeline_05:52,0.225,,,0.225,,,
EVT_386D34,timeline_06:17,0.096,,,0.096,,,
EVT_386D34,timeline_07:17,0.1,,,0.1,,,
EVT_386D34,timeline_08:18,0.102,,,0.102,,,
EVT_386D34,timeline_09:18,0.11,,,0.11,,,
EVT_386D34,timeline_10:19,0.11,,,0.11,,,
EVT_386D34,timeline_11:19,0.11,,,0.11,,,
EVT_386D34,timeline_12:19,0.111,,,0.111,,,
EVT_386D34,timeline_13:20,0.111,,,0.111,,,
EVT_386D34,timeline_14:21,0.11,,,0.11,,,
EVT_386D34,timeline_15:22,0.107,,,0.107,,,
EVT_386D34,timeline_16:45,0.092,,,0.092,,,
EVT_386D34,timeline_17:46,0.083,,,0.083,,,
EVT_386D34,timeline_18:47,0.083,,,0.083,,,
EVT_386D34,timeline_19:47,0.113,,,0.113,,,
EVT_386D34,timeline_20:48,0.114,,,0.114,,,
EVT_386D34,timeline_21:48,0.102,,,0.102,,,
EVT_386D34,timeline_22:48,0.102,,,0.102,,,
EVT_386D34,timeline_23:49,0.102,,,0.102,,,
EVT_386D34,timeline_00:49,0.102,,,0.102,,,
EVT_386D34,timeline_01:50,0.102,,,0.102,,,
EVT_386D34,timeline_02:50,0.102,,,0.102,,,
EVT_386D34,timeline_03:51,0.102,,,0.102,,,
EVT_386D34,timeline_04:51,0.102,,,0.102,,,
EVT_386D34,timeline_05:52,0.102,,,0.102,,,
EVT_7162C1,timeline_05:56,0.435,,,0.435,,,
EVT_7162C1,timeline_06:57,0.43,,,0.43,,,
EVT_7162C1,timeline_07:58,0.44,,,0.44,,,
EVT_7162C1,timeline_08:59,0.44,,,0.44,,,
EVT_7162C1,timeline_10:00,0.445,,,0.445,,,
EVT_7162C1,timeline_11:00,0.445,,,0.445,,,
EVT_7162C1,timeline_12:01,0.44,,,0.44,,,
EVT_7162C1,timeline_13:02,0.445,,,0.445,,,
EVT_7162C1,timeline_14:03,0.445,,,0.445,,,
EVT_7162C1,timeline_15:03,0.445,,,0.445,,,
EVT_7162C1,timeline_16:45,0.43,,,0.43,,,
EVT_7162C1,timeline_17:46,0.44,,,0.44,,,
EVT_7162C1,timeline_18:47,0.435,,,0.435,,,
EVT_7162C1,timeline_19:47,0.44,,,0.44,,,
EVT_7162C1,timeline_20:48,0.515,,,0.515,,,
EVT_7162C1,timeline_21:48,0.515,,,0.515,,,
EVT_7162C1,timeline_22:48,0.575,,,0.575,,,
EVT_7162C1,timeline_23:49,0.6,,,0.6,,,
EVT_7162C1,timeline_00:49,0.59,,,0.59,,,
EVT_7162C1,timeline_01:50,0.575,,,0.575,,,
EVT_7162C1,timeline_02:50,0.57,,,0.57,,,
EVT_7162C1,timeline_03:51,0.64,,,0.64,,,
EVT_7162C1,timeline_04:51,0.66,,,0.66,,,
EVT_7162C1,timeline_05:52,0.655,,,0.655,,,
EVT_606C42,timeline_05:56,0.265,,,0.265,,,
EVT_606C42,timeline_06:57,0.26,,,0.26,,,
EVT_606C42,timeline_07:58,0.255,,,0.255,,,
EVT_606C42,timeline_08:59,0.25,,,0.25,,,
EVT_606C42,timeline_10:00,0.29,,,0.29,,,
EVT_606C42,timeline_11:00,0.285,,,0.285,,,
EVT_606C42,timeline_12:01,0.285,,,0.285,,,
EVT_606C42,timeline_13:02,0.285,,,0.285,,,
EVT_606C42,timeline_14:03,0.235,,,0.235,,,
EVT_606C42,timeline_15:03,0.255,,,0.255,,,
EVT_606C42,timeline_16:45,0.24,,,0.24,,,
EVT_606C42,timeline_17:46,0.245,,,0.245,,,
EVT_606C42,timeline_18:47,0.215,,,0.215,,,
EVT_606C42,timeline_19:47,0.205,,,0.205,,,
EVT_606C42,timeline_20:48,0.205,,,0.205,,,
EVT_606C42,timeline_21:48,0.205,,,0.205,,,
EVT_606C42,timeline_22:48,0.195,,,0.195,,,
EVT_606C42,timeline_23:49,0.165,,,0.165,,,
EVT_606C42,timeline_00:49,0.155,,,0.155,,,
EVT_606C42,timeline_01:50,0.17,,,0.17,,,
EVT_606C42,timeline_02:50,0.175,,,0.175,,,
EVT_606C42,timeline_03:51,0.17,,,0.17,,,
EVT_606C42,timeline_04:51,0.165,,,0.165,,,
EVT_606C42,timeline_05:52,0.165,,,0.165,,,
EVT_3581C1,timeline_18:32,0.57,,,0.57,,,
EVT_3581C1,timeline_20:03,0.58,,,0.58,,,
EVT_3581C1,timeline_21:03,0.575,,,0.575,,,
EVT_3581C1,timeline_22:04,0.505,,,0.505,,,
EVT_3581C1,timeline_23:04,0.5,,,0.5,,,
EVT_3581C1,timeline_00:05,0.495,,,0.495,,,
EVT_3581C1,timeline_01:05,0.495,,,0.495,,,
EVT_3581C1,timeline_02:06,0.505,,,0.505,,,
EVT_3581C1,timeline_03:07,0.52,,,0.52,,,
EVT_3581C1,timeline_04:07,0.53,,,0.53,,,
EVT_3581C1,timeline_05:07,0.53,,,0.53,,,
EVT_3581C1,timeline_06:14,0.52,,,0.52,,,
EVT_3581C1,timeline_07:17,0.53,,,0.53,,,
EVT_3581C1,timeline_08:18,0.525,,,0.525,,,
EVT_3581C1,timeline_09:18,0.525,,,0.525,,,
EVT_3581C1,timeline_10:19,0.525,,,0.525,,,
EVT_3581C1,timeline_11:19,0.51,,,0.51,,,
EVT_3581C1,timeline_12:19,0.515,,,0.515,,,
EVT_3581C1,timeline_13:20,0.565,,,0.565,,,
EVT_3581C1,timeline_14:21,0.56,,,0.56,,,
EVT_3581C1,timeline_15:22,0.555,,,0.555,,,
EVT_3581C1,timeline_16:45,0.505,,,0.505,,,
EVT_3581C1,timeline_17:46,0.505,,,0.505,,,
EVT_3581C1,timeline_18:47,0.515,,,0.515,,,
EVT_3581C1,timeline_19:47,0.51,,,0.51,,,
EVT_3581C1,timeline_20:48,0.55,,,0.55,,,
EVT_3581C1,timeline_21:48,0.565,,,0.565,,,
EVT_3581C1,timeline_22:48,0.565,,,0.565,,,
EVT_3581C1,timeline_23:49,0.555,,,0.555,,,
EVT_3581C1,timeline_00:49,0.545,,,0.545,,,
EVT_3581C1,timeline_01:50,0.535,,,0.535,,,
EVT_3581C1,timeline_02:50,0.535,,,0.535,,,
EVT_3581C1,timeline_03:51,0.535,,,0.535,,,
EVT_3581C1,timeline_04:51,0.535,,,0.535,,,
EVT_3581C1,timeline_05:52,0.535,,,0.535,,,
EVT_D3D364,timeline_18:32,0.625,,,0.625,,,
EVT_D3D364,timeline_20:03,0.625,,,0.625,,,
EVT_D3D364,timeline_21:03,0.635,,,0.635,,,
EVT_D3D364,timeline_22:04,0.58,,,0.58,,,
EVT_D3D364,timeline_23:04,0.545,,,0.545,,,
EVT_D3D364,timeline_00:05,0.54,,,0.54,,,
EVT_D3D364,timeline_01:05,0.56,,,0.56,,,
EVT_D3D364,timeline_02:06,0.565,,,0.565,,,
EVT_D3D364,timeline_03:07,0.59,,,0.59,,,
EVT_D3D364,timeline_04:07,0.59,,,0.59,,,
EVT_D3D364,timeline_05:07,0.585,,,0.585,,,
EVT_D3D364,timeline_06:14,0.585,,,0.585,,,
EVT_D3D364,timeline_07:17,0.59,,,0.59,,,
EVT_D3D364,timeline_08:18,0.59,,,0.59,,,
EVT_D3D364,timeline_09:18,0.595,,,0.595,,,
EVT_D3D364,timeline_10:19,0.58,,,0.58,,,
EVT_D3D364,timeline_11:19,0.585,,,0.585,,,
EVT_D3D364,timeline_12:19,0.615,,,0.615,,,
EVT_D3D364,timeline_13:20,0.635,,,0.635,,,
EVT_D3D364,timeline_14:21,0.635,,,0.635,,,
EVT_D3D364,timeline_15:22,0.62,,,0.62,,,
EVT_D3D364,timeline_16:45,0.625,,,0.625,,,
EVT_D3D364,timeline_17:46,0.625,,,0.625,,,
EVT_D3D364,timeline_18:47,0.625,,,0.625,,,
EVT_D3D364,timeline_19:47,0.615,,,0.615,,,
EVT_D3D364,timeline_20:48,0.62,,,0.62,,,
EVT_D3D364,timeline_21:48,0.63,,,0.63,,,
EVT_D3D364,timeline_22:48,0.63,,,0.63,,,
EVT_D3D364,timeline_23:49,0.635,,,0.635,,,
EVT_D3D364,timeline_00:49,0.63,,,0.63,,,
EVT_D3D364,timeline_01:50,0.63,,,0.63,,,
EVT_D3D364,timeline_02:50,0.635,,,0.635,,,
EVT_D3D364,timeline_03:51,0.625,,,0.625,,,
EVT_D3D364,timeline_04:51,0.625,,,0.625,,,
EVT_D3D364,timeline_05:52,0.615,,,0.615,,,
EVT_201A28_3,timeline_18:32,0.385,,,0.385,,,
EVT_201A28_3,timeline_20:03,0.35,,,0.35,,,
EVT_201A28_3,timeline_21:03,0.35,,,0.35,,,
EVT_201A28_3,timeline_22:04,0.355,,,0.355,,,
EVT_201A28_3,timeline_23:04,0.355,,,0.355,,,
EVT_201A28_3,timeline_00:05,0.335,,,0.335,,,
EVT_201A28_3,timeline_01:05,0.335,,,0.335,,,
EVT_201A28_3,timeline_02:06,0.335,,,0.335,,,
EVT_201A28_3,timeline_03:07,0.335,,,0.335,,,
EVT_201A28_3,timeline_04:07,0.335,,,0.335,,,
EVT_201A28_3,timeline_05:07,0.335,,,0.335,,,
EVT_201A28_3,timeline_06:14,0.34,,,0.34,,,
EVT_201A28_3,timeline_07:17,0.34,,,0.34,,,
EVT_201A28_3,timeline_08:18,0.34,,,0.34,,,
EVT_201A28_3,timeline_09:18,0.34,,,0.34,,,
EVT_201A28_3,timeline_10:19,0.34,,,0.34,,,
EVT_201A28_3,timeline_11:19,0.34,,,0.34,,,
EVT_201A28_3,timeline_12:19,0.34,,,0.34,,,
EVT_201A28_3,timeline_13:20,0.345,,,0.345,,,
EVT_201A28_3,timeline_14:21,0.175,,,0.175,,,
EVT_201A28_3,timeline_15:22,0.175,,,0.175,,,
EVT_201A28_3,timeline_16:45,0.175,,,0.175,,,
EVT_201A28_3,timeline_17:46,0.175,,,0.175,,,
EVT_201A28_3,timeline_18:47,0.175,,,0.175,,,
EVT_201A28_3,timeline_19:47,0.175,,,0.175,,,
EVT_201A28_3,timeline_20:48,0.175,,,0.175,,,
EVT_201A28_3,timeline_21:48,0.175,,,0.175,,,
EVT_201A28_3,timeline_22:48,0.175,,,0.175,,,
EVT_201A28_3,timeline_23:49,0.175,,,0.175,,,
EVT_201A28_3,timeline_00:49,0.175,,,0.175,,,
EVT_201A28_3,timeline_01:50,0.175,,,0.175,,,
EVT_201A28_3,timeline_02:50,0.175,,,0.175,,,
EVT_201A28_3,timeline_03:51,0.18,,,0.18,,,
EVT_201A28_3,timeline_04:51,0.18,,,0.18,,,
EVT_201A28_3,timeline_05:52,0.18,,,0.18,,,
EVT_9752C4,timeline_18:32,0.125,,,0.125,,,
EVT_9752C4,timeline_20:03,0.13,,,0.13,,,
EVT_9752C4,timeline_21:03,0.135,,,0.135,,,
EVT_9752C4,timeline_22:04,0.135,,,0.135,,,
EVT_9752C4,timeline_23:04,0.135,,,0.135,,,
EVT_9752C4,timeline_00:05,0.135,,,0.135,,,
EVT_9752C4,timeline_01:05,0.135,,,0.135,,,
EVT_9752C4,timeline_02:06,0.135,,,0.135,,,
EVT_9752C4,timeline_03:07,0.135,,,0.135,,,
EVT_9752C4,timeline_04:07,0.135,,,0.135,,,
EVT_9752C4,timeline_05:07,0.135,,,0.135,,,
EVT_9752C4,timeline_06:14,0.135,,,0.135,,,
EVT_9752C4,timeline_07:17,0.135,,,0.135,,,
EVT_9752C4,timeline_08:18,0.135,,,0.135,,,
EVT_9752C4,timeline_09:18,0.135,,,0.135,,,
EVT_9752C4,timeline_10:19,0.135,,,0.135,,,
EVT_9752C4,timeline_11:19,0.135,,,0.135,,,
EVT_9752C4,timeline_12:19,0.135,,,0.135,,,
EVT_9752C4,timeline_13:20,0.135,,,0.135,,,
EVT_9752C4,timeline_14:21,0.135,,,0.135,,,
EVT_9752C4,timeline_15:22,0.135,,,0.135,,,
EVT_9752C4,timeline_16:45,0.135,,,0.135,,,
EVT_9752C4,timeline_17:46,0.135,,,0.135,,,
EVT_9752C4,timeline_18:47,0.135,,,0.135,,,
EVT_9752C4,timeline_19:47,0.135,,,0.135,,,
EVT_9752C4,timeline_20:48,0.135,,,0.135,,,
EVT_9752C4,timeline_21:48,0.135,,,0.135,,,
EVT_9752C4,timeline_22:48,0.135,,,0.135,,,
EVT_9752C4,timeline_23:49,0.135,,,0.135,,,
EVT_9752C4,timeline_00:49,0.135,,,0.135,,,
EVT_9752C4,timeline_01:50,0.135,,,0.135,,,
EVT_9752C4,timeline_02:50,0.135,,,0.135,,,
EVT_9752C4,timeline_03:51,0.14,,,0.14,,,
EVT_9752C4,timeline_04:51,0.14,,,0.14,,,
EVT_9752C4,timeline_05:52,0.14,,,0.14,,,
EVT_FC0BF2_2,timeline_14:21,0.063,,,0.063,,,
EVT_FC0BF2_2,timeline_15:22,0.054,,,0.054,,,
EVT_FC0BF2_2,timeline_16:45,0.047,,,0.047,,,
EVT_FC0BF2_2,timeline_17:46,0.04,,,0.04,,,
EVT_FC0BF2_2,timeline_18:47,0.04,,,0.04,,,
EVT_FC0BF2_2,timeline_19:47,0.038,,,0.038,,,
EVT_FC0BF2_2,timeline_20:48,0.035,,,0.035,,,
EVT_FC0BF2_2,timeline_21:48,0.055,,,0.055,,,
EVT_FC0BF2_2,timeline_22:48,0.046,,,0.046,,,
EVT_FC0BF2_2,timeline_23:49,0.039,,,0.039,,,
EVT_FC0BF2_2,timeline_00:49,0.032,,,0.032,,,
EVT_FC0BF2_2,timeline_01:50,0.031,,,0.031,,,
EVT_FC0BF2_2,timeline_02:50,0.025,,,0.025,,,
EVT_FC0BF2_2,timeline_03:51,0.027,,,0.027,,,
EVT_FC0BF2_2,timeline_04:51,0.029,,,0.029,,,
EVT_FC0BF2_2,timeline_05:52,0.027,,,0.027,,,
EVT_42B1A5,timeline_18:15,0.335,,,0.335,,,
EVT_42B1A5,timeline_19:15,0.275,,,0.275,,,
EVT_42B1A5,timeline_20:15,0.35,,,0.35,,,
EVT_42B1A5,timeline_21:16,0.325,,,0.325,,,
EVT_42B1A5,timeline_22:16,0.175,,,0.175,,,
EVT_42B1A5,timeline_23:16,0.18,,,0.18,,,
EVT_42B1A5,timeline_00:16,0.175,,,0.175,,,
EVT_42B1A5,timeline_01:16,0.155,,,0.155,,,
EVT_42B1A5,timeline_02:06,0.15,,,0.15,,,
EVT_42B1A5,timeline_03:07,0.215,,,0.215,,,
EVT_42B1A5,timeline_04:07,0.175,,,0.175,,,
EVT_42B1A5,timeline_05:07,0.225,,,0.225,,,
EVT_42B1A5,timeline_06:14,0.205,,,0.205,,,
EVT_42B1A5,timeline_07:17,0.185,,,0.185,,,
EVT_42B1A5,timeline_08:18,0.185,,,0.185,,,
EVT_42B1A5,timeline_09:18,0.175,,,0.175,,,
EVT_42B1A5,timeline_10:19,0.175,,,0.175,,,
EVT_42B1A5,timeline_11:19,0.18,,,0.18,,,
EVT_42B1A5,timeline_12:19,0.18,,,0.18,,,
EVT_42B1A5,timeline_13:20,0.185,,,0.185,,,
EVT_42B1A5,timeline_14:21,0.185,,,0.185,,,
EVT_42B1A5,timeline_15:22,0.18,,,0.18,,,
EVT_42B1A5,timeline_16:45,0.18,,,0.18,,,
EVT_42B1A5,timeline_17:46,0.17,,,0.17,,,
EVT_42B1A5,timeline_18:47,0.17,,,0.17,,,
EVT_42B1A5,timeline_19:47,0.165,,,0.165,,,
EVT_42B1A5,timeline_20:48,0.165,,,0.165,,,
EVT_42B1A5,timeline_21:48,0.17,,,0.17,,,
EVT_42B1A5,timeline_22:48,0.165,,,0.165,,,
EVT_42B1A5,timeline_23:49,0.165,,,0.165,,,
EVT_42B1A5,timeline_00:49,0.165,,,0.165,,,
EVT_42B1A5,timeline_01:50,0.165,,,0.165,,,
EVT_42B1A5,timeline_02:50,0.165,,,0.165,,,
EVT_42B1A5,timeline_03:51,0.17,,,0.17,,,
EVT_42B1A5,timeline_04:51,0.17,,,0.17,,,
EVT_42B1A5,timeline_05:52,0.17,,,0.17,,,
EVT_01697E_2,timeline_06:51,0.235,,,0.235,,,
EVT_01697E_2,timeline_07:51,0.235,,,0.235,,,
EVT_01697E_2,timeline_08:51,0.235,,,0.235,,,
EVT_01697E_2,timeline_09:51,0.235,,,0.235,,,
EVT_01697E_2,timeline_10:52,0.24,,,0.24,,,
EVT_01697E_2,timeline_11:52,0.23,,,0.23,,,
EVT_01697E_2,timeline_12:53,0.23,,,0.23,,,
EVT_01697E_2,timeline_13:54,0.24,,,0.24,,,
EVT_01697E_2,timeline_14:55,0.24,,,0.24,,,
EVT_01697E_2,timeline_15:55,0.24,,,0.24,,,
EVT_01697E_2,timeline_17:14,0.24,,,0.24,,,
EVT_01697E_2,timeline_18:15,0.24,,,0.24,,,
EVT_01697E_2,timeline_19:15,0.24,,,0.24,,,
EVT_01697E_2,timeline_20:15,0.24,,,0.24,,,
EVT_01697E_2,timeline_21:16,0.24,,,0.24,,,
EVT_01697E_2,timeline_22:16,0.24,,,0.24,,,
EVT_01697E_2,timeline_23:16,0.24,,,0.24,,,
EVT_01697E_2,timeline_00:16,0.24,,,0.24,,,
EVT_01697E_2,timeline_01:16,0.24,,,0.24,,,
EVT_01697E_2,timeline_02:06,0.24,,,0.24,,,
EVT_01697E_2,timeline_03:07,0.24,,,0.24,,,
EVT_01697E_2,timeline_04:07,0.24,,,0.24,,,
EVT_01697E_2,timeline_05:07,0.235,,,0.235,,,
EVT_01697E_2,timeline_06:14,0.235,,,0.235,,,
EVT_01697E_2,timeline_07:17,0.23,,,0.23,,,
EVT_01697E_2,timeline_08:18,0.235,,,0.235,,,
EVT_01697E_2,timeline_09:18,0.235,,,0.235,,,
EVT_01697E_2,timeline_10:19,0.24,,,0.24,,,
EVT_01697E_2,timeline_11:19,0.24,,,0.24,,,
EVT_01697E_2,timeline_12:19,0.24,,,0.24,,,
EVT_01697E_2,timeline_13:20,0.225,,,0.225,,,
EVT_01697E_2,timeline_14:21,0.23,,,0.23,,,
EVT_01697E_2,timeline_15:22,0.23,,,0.23,,,
EVT_01697E_2,timeline_16:45,0.225,,,0.225,,,
EVT_01697E_2,timeline_17:46,0.225,,,0.225,,,
EVT_01697E_2,timeline_18:47,0.225,,,0.225,,,
EVT_01697E_2,timeline_19:47,0.22,,,0.22,,,
EVT_01697E_2,timeline_20:48,0.215,,,0.215,,,
EVT_01697E_2,timeline_21:48,0.215,,,0.215,,,
EVT_01697E_2,timeline_22:48,0.21,,,0.21,,,
EVT_01697E_2,timeline_23:49,0.22,,,0.22,,,
EVT_01697E_2,timeline_00:49,0.225,,,0.225,,,
EVT_01697E_2,timeline_01:50,0.225,,,0.225,,,
EVT_01697E_2,timeline_02:50,0.225,,,0.225,,,
EVT_01697E_2,timeline_03:51,0.22,,,0.22,,,
EVT_01697E_2,timeline_04:51,0.22,,,0.22,,,
EVT_01697E_2,timeline_05:52,0.225,,,0.225,,,
EVT_204BA6,timeline_06:51,1.0,,,1.0,,,
EVT_204BA6,timeline_07:51,1.0,,,1.0,,,
EVT_204BA6,timeline_08:51,1.0,,,1.0,,,
EVT_204BA6,timeline_09:51,1.0,,,1.0,,,
EVT_204BA6,timeline_10:52,1.0,,,1.0,,,
EVT_204BA6,timeline_11:52,1.0,,,1.0,,,
EVT_204BA6,timeline_12:53,1.0,,,1.0,,,
EVT_204BA6,timeline_13:54,1.0,,,1.0,,,
EVT_204BA6,timeline_14:55,1.0,,,1.0,,,
EVT_204BA6,timeline_15:55,1.0,,,1.0,,,
EVT_204BA6,timeline_17:14,1.0,,,1.0,,,
EVT_204BA6,timeline_18:15,1.0,,,1.0,,,
EVT_204BA6,timeline_19:15,1.0,,,1.0,,,
EVT_204BA6,timeline_20:15,1.0,,,1.0,,,
EVT_204BA6,timeline_21:16,1.0,,,1.0,,,
EVT_204BA6,timeline_22:16,1.0,,,1.0,,,
EVT_204BA6,timeline_23:16,1.0,,,1.0,,,
EVT_204BA6,timeline_00:16,1.0,,,1.0,,,
EVT_204BA6,timeline_01:16,1.0,,,1.0,,,
EVT_204BA6,timeline_02:06,1.0,,,1.0,,,
EVT_204BA6,timeline_03:07,1.0,,,1.0,,,
EVT_204BA6,timeline_04:07,1.0,,,1.0,,,
EVT_204BA6,timeline_05:07,1.0,,,1.0,,,
EVT_204BA6,timeline_06:14,1.0,,,1.0,,,
EVT_204BA6,timeline_07:17,1.0,,,1.0,,,
EVT_204BA6,timeline_08:18,1.0,,,1.0,,,
EVT_204BA6,timeline_09:18,1.0,,,1.0,,,
EVT_204BA6,timeline_10:19,1.0,,,1.0,,,
EVT_204BA6,timeline_11:19,1.0,,,1.0,,,
EVT_204BA6,timeline_12:19,1.0,,,1.0,,,
EVT_204BA6,timeline_13:20,1.0,,,1.0,,,
EVT_204BA6,timeline_14:21,1.0,,,1.0,,,
EVT_204BA6,timeline_15:22,1.0,,,1.0,,,
EVT_2DC5A4,timeline_08:56,0.105,,,0.105,,,
EVT_2DC5A4,timeline_09:58,0.105,,,0.105,,,
EVT_2DC5A4,timeline_10:59,0.105,,,0.105,,,
EVT_2DC5A4,timeline_11:53,0.105,,,0.105,,,
EVT_2DC5A4,timeline_13:12,0.105,,,0.105,,,
EVT_2DC5A4,timeline_14:43,0.105,,,0.105,,,
EVT_2DC5A4,timeline_15:43,0.1,,,0.1,,,
EVT_2DC5A4,timeline_16:44,0.1,,,0.1,,,
EVT_2DC5A4,timeline_18:02,0.1,,,0.1,,,
EVT_2DC5A4,timeline_19:02,0.1,,,0.1,,,
EVT_2DC5A4,timeline_20:03,0.1,,,0.1,,,
EVT_2DC5A4,timeline_21:03,0.1,,,0.1,,,
EVT_2DC5A4,timeline_22:06,0.1,,,0.1,,,
EVT_2DC5A4,timeline_23:06,0.1,,,0.1,,,
EVT_2DC5A4,timeline_00:07,0.1,,,0.1,,,
EVT_2DC5A4,timeline_01:07,0.1,,,0.1,,,
EVT_2DC5A4,timeline_02:08,0.1,,,0.1,,,
EVT_2DC5A4,timeline_03:10,0.1,,,0.1,,,
EVT_2DC5A4,timeline_04:11,0.1,,,0.1,,,
EVT_2DC5A4,timeline_05:11,0.1,,,0.1,,,
EVT_2DC5A4,timeline_06:11,0.1,,,0.1,,,
EVT_2DC5A4,timeline_07:52,0.1,,,0.1,,,
EVT_2DC5A4,timeline_09:24,0.1,,,0.1,,,
EVT_2DC5A4,timeline_10:25,0.1,,,0.1,,,
EVT_2DC5A4,timeline_11:26,0.1,,,0.1,,,
EVT_2DC5A4,timeline_12:26,0.1,,,0.1,,,
EVT_2DC5A4,timeline_13:27,0.1,,,0.1,,,
EVT_2DC5A4,timeline_14:28,0.1,,,0.1,,,
EVT_2DC5A4,timeline_15:29,0.1,,,0.1,,,
EVT_2DC5A4,timeline_16:29,0.1,,,0.1,,,
EVT_2DC5A4,timeline_17:30,0.1,,,0.1,,,
EVT_2DC5A4,timeline_18:31,0.1,,,0.1,,,
EVT_2DC5A4,timeline_19:31,0.1,,,0.1,,,
EVT_2DC5A4,timeline_20:32,0.1,,,0.1,,,
EVT_2DC5A4,timeline_21:32,0.1,,,0.1,,,
EVT_2DC5A4,timeline_22:32,0.1,,,0.1,,,
EVT_2DC5A4,timeline_23:33,0.1,,,0.1,,,
EVT_2DC5A4,timeline_00:34,0.1,,,0.1,,,
EVT_2DC5A4,timeline_01:34,0.1,,,0.1,,,
EVT_2DC5A4,timeline_02:35,0.1,,,0.1,,,
EVT_2DC5A4,timeline_03:36,0.1,,,0.1,,,
EVT_2DC5A4,timeline_04:36,0.1,,,0.1,,,
EVT_2DC5A4,timeline_05:37,0.105,,,0.105,,,
EVT_2DC5A4,timeline_06:38,0.105,,,0.105,,,
EVT_2DC5A4,timeline_07:51,0.1,,,0.1,,,
EVT_2DC5A4,timeline_08:51,0.105,,,0.105,,,
EVT_2DC5A4,timeline_09:51,0.105,,,0.105,,,
EVT_2DC5A4,timeline_10:52,0.105,,,0.105,,,
EVT_2DC5A4,timeline_11:52,0.105,,,0.105,,,
EVT_2DC5A4,timeline_12:53,0.125,,,0.125,,,
EVT_2DC5A4,timeline_13:54,0.125,,,0.125,,,
EVT_2DC5A4,timeline_14:55,0.12,,,0.12,,,
EVT_2DC5A4,timeline_15:55,0.125,,,0.125,,,
EVT_2DC5A4,timeline_17:14,0.125,,,0.125,,,
EVT_2DC5A4,timeline_18:15,0.125,,,0.125,,,
EVT_2DC5A4,timeline_19:15,0.125,,,0.125,,,
EVT_2DC5A4,timeline_20:15,0.11,,,0.11,,,
EVT_2DC5A4,timeline_21:16,0.115,,,0.115,,,
EVT_2DC5A4,timeline_22:16,0.115,,,0.115,,,
EVT_2DC5A4,timeline_23:16,0.115,,,0.115,,,
EVT_2DC5A4,timeline_00:16,0.115,,,0.115,,,
EVT_2DC5A4,timeline_01:05,0.115,,,0.115,,,
EVT_2DC5A4,timeline_02:06,0.115,,,0.115,,,
EVT_2DC5A4,timeline_03:07,0.115,,,0.115,,,
EVT_2DC5A4,timeline_04:07,0.115,,,0.115,,,
EVT_2DC5A4,timeline_05:07,0.115,,,0.115,,,
EVT_2DC5A4,timeline_06:14,0.115,,,0.115,,,
EVT_2DC5A4,timeline_07:17,0.115,,,0.115,,,
EVT_2DC5A4,timeline_08:18,0.115,,,0.115,,,
EVT_2DC5A4,timeline_09:18,0.115,,,0.115,,,
EVT_2DC5A4,timeline_10:19,0.11,,,0.11,,,
EVT_2DC5A4,timeline_11:19,0.1,,,0.1,,,
EVT_2DC5A4,timeline_12:19,0.1,,,0.1,,,
EVT_2DC5A4,timeline_13:20,0.1,,,0.1,,,
EVT_2DC5A4,timeline_14:21,0.1,,,0.1,,,
EVT_2DC5A4,timeline_15:22,0.1,,,0.1,,,
EVT_2DC5A4,timeline_16:45,0.1,,,0.1,,,
EVT_2DC5A4,timeline_17:46,0.1,,,0.1,,,
EVT_2DC5A4,timeline_18:47,0.1,,,0.1,,,
EVT_2DC5A4,timeline_19:47,0.12,,,0.12,,,
EVT_2DC5A4,timeline_20:48,0.125,,,0.125,,,
EVT_2DC5A4,timeline_21:48,0.125,,,0.125,,,
EVT_2DC5A4,timeline_22:48,0.12,,,0.12,,,
EVT_2DC5A4,timeline_23:49,0.11,,,0.11,,,
EVT_2DC5A4,timeline_00:49,0.11,,,0.11,,,
EVT_2DC5A4,timeline_01:50,0.115,,,0.115,,,
EVT_2DC5A4,timeline_02:50,0.115,,,0.115,,,
EVT_2DC5A4,timeline_03:51,0.11,,,0.11,,,
EVT_2DC5A4,timeline_04:51,0.115,,,0.115,,,
EVT_2DC5A4,timeline_05:52,0.11,,,0.11,,,
EVT_4FA1A6,timeline_08:56,0.105,,,0.105,,,
EVT_4FA1A6,timeline_09:58,0.105,,,0.105,,,
EVT_4FA1A6,timeline_10:59,0.105,,,0.105,,,
EVT_4FA1A6,timeline_11:53,0.105,,,0.105,,,
EVT_4FA1A6,timeline_13:12,0.105,,,0.105,,,
EVT_4FA1A6,timeline_14:43,0.105,,,0.105,,,
EVT_4FA1A6,timeline_15:43,0.1,,,0.1,,,
EVT_4FA1A6,timeline_16:44,0.1,,,0.1,,,
EVT_4FA1A6,timeline_18:02,0.1,,,0.1,,,
EVT_4FA1A6,timeline_19:02,0.1,,,0.1,,,
EVT_4FA1A6,timeline_20:03,0.1,,,0.1,,,
EVT_4FA1A6,timeline_21:03,0.1,,,0.1,,,
EVT_4FA1A6,timeline_22:06,0.1,,,0.1,,,
EVT_4FA1A6,timeline_23:06,0.1,,,0.1,,,
EVT_4FA1A6,timeline_00:07,0.1,,,0.1,,,
EVT_4FA1A6,timeline_01:07,0.1,,,0.1,,,
EVT_4FA1A6,timeline_02:08,0.1,,,0.1,,,
EVT_4FA1A6,timeline_03:10,0.1,,,0.1,,,
EVT_4FA1A6,timeline_04:11,0.1,,,0.1,,,
EVT_4FA1A6,timeline_05:11,0.1,,,0.1,,,
EVT_4FA1A6,timeline_06:11,0.1,,,0.1,,,
EVT_4FA1A6,timeline_07:52,0.1,,,0.1,,,
EVT_4FA1A6,timeline_09:24,0.1,,,0.1,,,
EVT_4FA1A6,timeline_10:25,0.1,,,0.1,,,
EVT_4FA1A6,timeline_11:26,0.1,,,0.1,,,
EVT_4FA1A6,timeline_12:26,0.1,,,0.1,,,
EVT_4FA1A6,timeline_13:27,0.1,,,0.1,,,
EVT_4FA1A6,timeline_14:28,0.1,,,0.1,,,
EVT_4FA1A6,timeline_15:29,0.1,,,0.1,,,
EVT_4FA1A6,timeline_16:29,0.1,,,0.1,,,
EVT_4FA1A6,timeline_17:30,0.1,,,0.1,,,
EVT_4FA1A6,timeline_18:31,0.1,,,0.1,,,
EVT_4FA1A6,timeline_19:31,0.1,,,0.1,,,
EVT_4FA1A6,timeline_20:32,0.1,,,0.1,,,
EVT_4FA1A6,timeline_21:32,0.1,,,0.1,,,
EVT_4FA1A6,timeline_22:32,0.1,,,0.1,,,
EVT_4FA1A6,timeline_23:33,0.1,,,0.1,,,
EVT_4FA1A6,timeline_00:34,0.1,,,0.1,,,
EVT_4FA1A6,timeline_01:34,0.1,,,0.1,,,
EVT_4FA1A6,timeline_02:35,0.1,,,0.1,,,
EVT_4FA1A6,timeline_03:36,0.1,,,0.1,,,
EVT_4FA1A6,timeline_04:36,0.1,,,0.1,,,
EVT_4FA1A6,timeline_05:37,0.105,,,0.105,,,
EVT_4FA1A6,timeline_06:38,0.105,,,0.105,,,
EVT_4FA1A6,timeline_07:51,0.1,,,0.1,,,
EVT_4FA1A6,timeline_08:51,0.105,,,0.105,,,
EVT_4FA1A6,timeline_09:51,0.105,,,0.105,,,
EVT_4FA1A6,timeline_10:52,0.105,,,0.105,,,
EVT_4FA1A6,timeline_11:52,0.105,,,0.105,,,
EVT_4FA1A6,timeline_12:53,0.125,,,0.125,,,
EVT_4FA1A6,timeline_13:54,0.125,,,0.125,,,
EVT_4FA1A6,timeline_14:55,0.12,,,0.12,,,
EVT_4FA1A6,timeline_15:55,0.125,,,0.125,,,
EVT_4FA1A6,timeline_17:14,0.125,,,0.125,,,
EVT_4FA1A6,timeline_18:15,0.125,,,0.125,,,
EVT_4FA1A6,timeline_19:15,0.125,,,0.125,,,
EVT_4FA1A6,timeline_20:15,0.11,,,0.11,,,
EVT_4FA1A6,timeline_21:16,0.115,,,0.115,,,
EVT_4FA1A6,timeline_22:16,0.115,,,0.115,,,
EVT_4FA1A6,timeline_23:16,0.115,,,0.115,,,
EVT_4FA1A6,timeline_00:16,0.115,,,0.115,,,
EVT_4FA1A6,timeline_01:05,0.115,,,0.115,,,
EVT_4FA1A6,timeline_02:06,0.115,,,0.115,,,
EVT_4FA1A6,timeline_03:07,0.115,,,0.115,,,
EVT_4FA1A6,timeline_04:07,0.115,,,0.115,,,
EVT_4FA1A6,timeline_05:07,0.115,,,0.115,,,
EVT_4FA1A6,timeline_06:14,0.115,,,0.115,,,
EVT_4FA1A6,timeline_07:17,0.115,,,0.115,,,
EVT_4FA1A6,timeline_08:18,0.115,,,0.115,,,
EVT_4FA1A6,timeline_09:18,0.115,,,0.115,,,
EVT_4FA1A6,timeline_10:19,0.11,,,0.11,,,
EVT_4FA1A6,timeline_11:19,0.1,,,0.1,,,
EVT_4FA1A6,timeline_12:19,0.1,,,0.1,,,
EVT_4FA1A6,timeline_13:20,0.1,,,0.1,,,
EVT_4FA1A6,timeline_14:21,0.085,,,0.085,,,
EVT_4FA1A6,timeline_15:22,0.085,,,0.085,,,
EVT_4FA1A6,timeline_16:45,0.085,,,0.085,,,
EVT_4FA1A6,timeline_17:46,0.085,,,0.085,,,
EVT_4FA1A6,timeline_18:47,0.085,,,0.085,,,
EVT_4FA1A6,timeline_19:47,0.085,,,0.085,,,
EVT_4FA1A6,timeline_20:48,0.085,,,0.085,,,
EVT_4FA1A6,timeline_21:48,0.085,,,0.085,,,
EVT_4FA1A6,timeline_22:48,0.085,,,0.085,,,
EVT_4FA1A6,timeline_23:49,0.085,,,0.085,,,
EVT_4FA1A6,timeline_00:49,0.085,,,0.085,,,
EVT_4FA1A6,timeline_01:50,0.085,,,0.085,,,
EVT_4FA1A6,timeline_02:50,0.085,,,0.085,,,
EVT_4FA1A6,timeline_03:51,0.085,,,0.085,,,
EVT_4FA1A6,timeline_04:51,0.085,,,0.085,,,
EVT_4FA1A6,timeline_05:52,0.085,,,0.085,,,
EVT_F39487,timeline_08:56,0.51,,,0.51,,,
EVT_F39487,timeline_09:58,0.51,,,0.51,,,
EVT_F39487,timeline_10:59,0.51,,,0.51,,,
EVT_F39487,timeline_11:53,0.51,,,0.51,,,
EVT_F39487,timeline_13:12,0.51,,,0.51,,,
EVT_F39487,timeline_14:43,0.515,,,0.515,,,
EVT_F39487,timeline_15:43,0.515,,,0.515,,,
EVT_F39487,timeline_16:44,0.52,,,0.52,,,
EVT_F39487,timeline_18:02,0.53,,,0.53,,,
EVT_F39487,timeline_19:02,0.535,,,0.535,,,
EVT_F39487,timeline_20:03,0.545,,,0.545,,,
EVT_F39487,timeline_21:03,0.55,,,0.55,,,
EVT_F39487,timeline_22:06,0.555,,,0.555,,,
EVT_F39487,timeline_23:06,0.555,,,0.555,,,
EVT_F39487,timeline_00:07,0.55,,,0.55,,,
EVT_F39487,timeline_01:07,0.55,,,0.55,,,
EVT_F39487,timeline_02:08,0.555,,,0.555,,,
EVT_F39487,timeline_03:10,0.545,,,0.545,,,
EVT_F39487,timeline_04:11,0.545,,,0.545,,,
EVT_F39487,timeline_05:11,0.545,,,0.545,,,
EVT_F39487,timeline_06:11,0.545,,,0.545,,,
EVT_F39487,timeline_07:52,0.545,,,0.545,,,
EVT_F39487,timeline_09:24,0.545,,,0.545,,,
EVT_F39487,timeline_10:25,0.545,,,0.545,,,
EVT_F39487,timeline_11:26,0.545,,,0.545,,,
EVT_F39487,timeline_12:26,0.545,,,0.545,,,
EVT_F39487,timeline_13:27,0.55,,,0.55,,,
EVT_F39487,timeline_14:28,0.55,,,0.55,,,
EVT_F39487,timeline_15:29,0.535,,,0.535,,,
EVT_F39487,timeline_16:29,0.535,,,0.535,,,
EVT_F39487,timeline_17:30,0.535,,,0.535,,,
EVT_F39487,timeline_18:31,0.54,,,0.54,,,
EVT_F39487,timeline_19:31,0.535,,,0.535,,,
EVT_F39487,timeline_20:32,0.54,,,0.54,,,
EVT_F39487,timeline_21:32,0.54,,,0.54,,,
EVT_F39487,timeline_22:32,0.54,,,0.54,,,
EVT_F39487,timeline_23:33,0.54,,,0.54,,,
EVT_F39487,timeline_00:34,0.54,,,0.54,,,
EVT_F39487,timeline_01:34,0.53,,,0.53,,,
EVT_F39487,timeline_02:35,0.535,,,0.535,,,
EVT_F39487,timeline_03:36,0.53,,,0.53,,,
EVT_F39487,timeline_04:36,0.53,,,0.53,,,
EVT_F39487,timeline_05:37,0.535,,,0.535,,,
EVT_F39487,timeline_06:38,0.535,,,0.535,,,
EVT_F39487,timeline_07:51,0.53,,,0.53,,,
EVT_F39487,timeline_08:51,0.53,,,0.53,,,
EVT_F39487,timeline_09:51,0.525,,,0.525,,,
EVT_F39487,timeline_10:52,0.525,,,0.525,,,
EVT_F39487,timeline_11:52,0.525,,,0.525,,,
EVT_F39487,timeline_12:53,0.52,,,0.52,,,
EVT_F39487,timeline_13:54,0.52,,,0.52,,,
EVT_F39487,timeline_14:55,0.52,,,0.52,,,
EVT_F39487,timeline_15:55,0.52,,,0.52,,,
EVT_F39487,timeline_17:14,0.525,,,0.525,,,
EVT_F39487,timeline_18:15,0.52,,,0.52,,,
EVT_F39487,timeline_19:15,0.52,,,0.52,,,
EVT_F39487,timeline_20:15,0.52,,,0.52,,,
EVT_F39487,timeline_21:16,0.52,,,0.52,,,
EVT_F39487,timeline_22:16,0.52,,,0.52,,,
EVT_F39487,timeline_23:16,0.52,,,0.52,,,
EVT_F39487,timeline_00:16,0.52,,,0.52,,,
EVT_F39487,timeline_01:05,0.52,,,0.52,,,
EVT_F39487,timeline_02:06,0.515,,,0.515,,,
EVT_F39487,timeline_03:07,0.515,,,0.515,,,
EVT_F39487,timeline_04:07,0.515,,,0.515,,,
EVT_F39487,timeline_05:07,0.51,,,0.51,,,
EVT_F39487,timeline_06:14,0.51,,,0.51,,,
EVT_F39487,timeline_07:17,0.51,,,0.51,,,
EVT_F39487,timeline_08:18,0.51,,,0.51,,,
EVT_F39487,timeline_09:18,0.51,,,0.51,,,
EVT_F39487,timeline_10:19,0.51,,,0.51,,,
EVT_F39487,timeline_11:19,0.505,,,0.505,,,
EVT_F39487,timeline_12:19,0.505,,,0.505,,,
EVT_F39487,timeline_13:20,0.505,,,0.505,,,
EVT_F39487,timeline_14:21,0.395,,,0.395,,,
EVT_F39487,timeline_15:22,0.395,,,0.395,,,
EVT_F39487,timeline_16:45,0.395,,,0.395,,,
EVT_F39487,timeline_17:46,0.395,,,0.395,,,
EVT_F39487,timeline_18:47,0.395,,,0.395,,,
EVT_F39487,timeline_19:47,0.395,,,0.395,,,
EVT_F39487,timeline_20:48,0.395,,,0.395,,,
EVT_F39487,timeline_21:48,0.38,,,0.38,,,
EVT_F39487,timeline_22:48,0.38,,,0.38,,,
EVT_F39487,timeline_23:49,0.38,,,0.38,,,
EVT_F39487,timeline_00:49,0.395,,,0.395,,,
EVT_F39487,timeline_01:50,0.395,,,0.395,,,
EVT_F39487,timeline_02:50,0.395,,,0.395,,,
EVT_F39487,timeline_03:51,0.395,,,0.395,,,
EVT_F39487,timeline_04:51,0.395,,,0.395,,,
EVT_F39487,timeline_05:52,0.395,,,0.395,,,
EVT_5A5194,timeline_08:56,0.7,,,0.7,,,
EVT_5A5194,timeline_09:58,0.7,,,0.7,,,
EVT_5A5194,timeline_10:59,0.7,,,0.7,,,
EVT_5A5194,timeline_11:53,0.7,,,0.7,,,
EVT_5A5194,timeline_13:12,0.7,,,0.7,,,
EVT_5A5194,timeline_14:43,0.7,,,0.7,,,
EVT_5A5194,timeline_15:43,0.7,,,0.7,,,
EVT_5A5194,timeline_16:44,0.7,,,0.7,,,
EVT_5A5194,timeline_18:02,0.7,,,0.7,,,
EVT_5A5194,timeline_19:02,0.7,,,0.7,,,
EVT_5A5194,timeline_20:03,0.7,,,0.7,,,
EVT_5A5194,timeline_21:03,0.7,,,0.7,,,
EVT_5A5194,timeline_22:06,0.7,,,0.7,,,
EVT_5A5194,timeline_23:06,0.7,,,0.7,,,
EVT_5A5194,timeline_00:07,0.7,,,0.7,,,
EVT_5A5194,timeline_01:07,0.7,,,0.7,,,
EVT_5A5194,timeline_02:08,0.7,,,0.7,,,
EVT_5A5194,timeline_03:10,0.7,,,0.7,,,
EVT_5A5194,timeline_04:11,0.7,,,0.7,,,
EVT_5A5194,timeline_05:11,0.7,,,0.7,,,
EVT_5A5194,timeline_06:11,0.7,,,0.7,,,
EVT_5A5194,timeline_07:52,0.7,,,0.7,,,
EVT_5A5194,timeline_09:24,0.7,,,0.7,,,
EVT_5A5194,timeline_10:25,0.7,,,0.7,,,
EVT_5A5194,timeline_11:26,0.7,,,0.7,,,
EVT_5A5194,timeline_12:26,0.7,,,0.7,,,
EVT_5A5194,timeline_13:27,0.7,,,0.7,,,
EVT_5A5194,timeline_14:28,0.7,,,0.7,,,
EVT_5A5194,timeline_15:29,0.7,,,0.7,,,
EVT_5A5194,timeline_16:29,0.7,,,0.7,,,
EVT_5A5194,timeline_17:30,0.7,,,0.7,,,
EVT_5A5194,timeline_18:31,0.7,,,0.7,,,
EVT_5A5194,timeline_19:31,0.7,,,0.7,,,
EVT_5A5194,timeline_20:32,0.7,,,0.7,,,
EVT_5A5194,timeline_21:32,0.7,,,0.7,,,
EVT_5A5194,timeline_22:32,0.8,,,0.8,,,
EVT_5A5194,timeline_23:33,0.8,,,0.8,,,
EVT_5A5194,timeline_00:34,0.8,,,0.8,,,
EVT_5A5194,timeline_01:34,0.8,,,0.8,,,
EVT_5A5194,timeline_02:35,0.8,,,0.8,,,
EVT_5A5194,timeline_03:36,0.8,,,0.8,,,
EVT_5A5194,timeline_04:36,0.8,,,0.8,,,
EVT_5A5194,timeline_05:37,0.8,,,0.8,,,
EVT_5A5194,timeline_06:38,0.8,,,0.8,,,
EVT_5A5194,timeline_07:51,0.8,,,0.8,,,
EVT_5A5194,timeline_08:51,0.8,,,0.8,,,
EVT_5A5194,timeline_09:51,0.8,,,0.8,,,
EVT_5A5194,timeline_10:52,0.8,,,0.8,,,
EVT_5A5194,timeline_11:52,0.8,,,0.8,,,
EVT_5A5194,timeline_12:53,0.8,,,0.8,,,
EVT_5A5194,timeline_13:54,0.8,,,0.8,,,
EVT_5A5194,timeline_14:55,0.8,,,0.8,,,
EVT_5A5194,timeline_15:55,0.8,,,0.8,,,
EVT_5A5194,timeline_17:14,0.8,,,0.8,,,
EVT_5A5194,timeline_18:15,0.8,,,0.8,,,
EVT_5A5194,timeline_19:15,0.8,,,0.8,,,
EVT_5A5194,timeline_20:15,0.8,,,0.8,,,
EVT_5A5194,timeline_21:16,0.8,,,0.8,,,
EVT_5A5194,timeline_22:16,0.8,,,0.8,,,
EVT_5A5194,timeline_23:16,0.8,,,0.8,,,
EVT_5A5194,timeline_00:16,0.8,,,0.8,,,
EVT_5A5194,timeline_01:05,0.8,,,0.8,,,
EVT_5A5194,timeline_02:06,0.8,,,0.8,,,
EVT_5A5194,timeline_03:07,0.8,,,0.8,,,
EVT_5A5194,timeline_04:07,0.8,,,0.8,,,
EVT_5A5194,timeline_05:07,0.8,,,0.8,,,
EVT_5A5194,timeline_06:14,0.8,,,0.8,,,
EVT_5A5194,timeline_07:17,0.8,,,0.8,,,
EVT_5A5194,timeline_08:18,0.8,,,0.8,,,
EVT_5A5194,timeline_09:18,0.8,,,0.8,,,
EVT_5A5194,timeline_10:19,0.8,,,0.8,,,
EVT_5A5194,timeline_11:19,0.8,,,0.8,,,
EVT_5A5194,timeline_12:19,0.8,,,0.8,,,
EVT_5A5194,timeline_13:20,0.8,,,0.8,,,
EVT_5A5194,timeline_14:21,0.055,,,0.055,,,
EVT_5A5194,timeline_15:22,0.055,,,0.055,,,
EVT_5A5194,timeline_16:45,0.055,,,0.055,,,
EVT_5A5194,timeline_17:46,0.055,,,0.055,,,
EVT_5A5194,timeline_18:47,0.055,,,0.055,,,
EVT_5A5194,timeline_19:47,0.055,,,0.055,,,
EVT_5A5194,timeline_20:48,0.055,,,0.055,,,
EVT_5A5194,timeline_21:48,0.055,,,0.055,,,
EVT_5A5194,timeline_22:48,0.055,,,0.055,,,
EVT_5A5194,timeline_23:49,0.054,,,0.054,,,
EVT_5A5194,timeline_00:49,0.053,,,0.053,,,
EVT_5A5194,timeline_01:50,0.053,,,0.053,,,
EVT_5A5194,timeline_02:50,0.052,,,0.052,,,
EVT_5A5194,timeline_03:51,0.052,,,0.052,,,
EVT_5A5194,timeline_04:51,0.051,,,0.051,,,
EVT_5A5194,timeline_05:52,0.052,,,0.052,,,
EVT_2A9521,timeline_08:56,0.51,,,0.51,,,
EVT_2A9521,timeline_09:58,0.51,,,0.51,,,
EVT_2A9521,timeline_10:59,0.51,,,0.51,,,
EVT_2A9521,timeline_11:53,0.51,,,0.51,,,
EVT_2A9521,timeline_13:12,0.51,,,0.51,,,
EVT_2A9521,timeline_14:43,0.515,,,0.515,,,
EVT_2A9521,timeline_15:43,0.515,,,0.515,,,
EVT_2A9521,timeline_16:44,0.52,,,0.52,,,
EVT_2A9521,timeline_18:02,0.53,,,0.53,,,
EVT_2A9521,timeline_19:02,0.535,,,0.535,,,
EVT_2A9521,timeline_20:03,0.545,,,0.545,,,
EVT_2A9521,timeline_21:03,0.55,,,0.55,,,
EVT_2A9521,timeline_22:06,0.555,,,0.555,,,
EVT_2A9521,timeline_23:06,0.555,,,0.555,,,
EVT_2A9521,timeline_00:07,0.55,,,0.55,,,
EVT_2A9521,timeline_01:07,0.55,,,0.55,,,
EVT_2A9521,timeline_02:08,0.555,,,0.555,,,
EVT_2A9521,timeline_03:10,0.545,,,0.545,,,
EVT_2A9521,timeline_04:11,0.545,,,0.545,,,
EVT_2A9521,timeline_05:11,0.545,,,0.545,,,
EVT_2A9521,timeline_06:11,0.545,,,0.545,,,
EVT_2A9521,timeline_07:52,0.545,,,0.545,,,
EVT_2A9521,timeline_09:24,0.545,,,0.545,,,
EVT_2A9521,timeline_10:25,0.545,,,0.545,,,
EVT_2A9521,timeline_11:26,0.545,,,0.545,,,
EVT_2A9521,timeline_12:26,0.545,,,0.545,,,
EVT_2A9521,timeline_13:27,0.55,,,0.55,,,
EVT_2A9521,timeline_14:28,0.55,,,0.55,,,
EVT_2A9521,timeline_15:29,0.535,,,0.535,,,
EVT_2A9521,timeline_16:29,0.535,,,0.535,,,
EVT_2A9521,timeline_17:30,0.535,,,0.535,,,
EVT_2A9521,timeline_18:31,0.54,,,0.54,,,
EVT_2A9521,timeline_19:31,0.535,,,0.535,,,
EVT_2A9521,timeline_20:32,0.54,,,0.54,,,
EVT_2A9521,timeline_21:32,0.54,,,0.54,,,
EVT_2A9521,timeline_22:32,0.54,,,0.54,,,
EVT_2A9521,timeline_23:33,0.54,,,0.54,,,
EVT_2A9521,timeline_00:34,0.54,,,0.54,,,
EVT_2A9521,timeline_01:34,0.53,,,0.53,,,
EVT_2A9521,timeline_02:35,0.535,,,0.535,,,
EVT_2A9521,timeline_03:36,0.53,,,0.53,,,
EVT_2A9521,timeline_04:36,0.53,,,0.53,,,
EVT_2A9521,timeline_05:37,0.535,,,0.535,,,
EVT_2A9521,timeline_06:38,0.535,,,0.535,,,
EVT_2A9521,timeline_07:51,0.53,,,0.53,,,
EVT_2A9521,timeline_08:51,0.53,,,0.53,,,
EVT_2A9521,timeline_09:51,0.525,,,0.525,,,
EVT_2A9521,timeline_10:52,0.525,,,0.525,,,
EVT_2A9521,timeline_11:52,0.525,,,0.525,,,
EVT_2A9521,timeline_12:53,0.52,,,0.52,,,
EVT_2A9521,timeline_13:54,0.52,,,0.52,,,
EVT_2A9521,timeline_14:55,0.52,,,0.52,,,
EVT_2A9521,timeline_15:55,0.52,,,0.52,,,
EVT_2A9521,timeline_17:14,0.525,,,0.525,,,
EVT_2A9521,timeline_18:15,0.52,,,0.52,,,
EVT_2A9521,timeline_19:15,0.52,,,0.52,,,
EVT_2A9521,timeline_20:15,0.52,,,0.52,,,
EVT_2A9521,timeline_21:16,0.52,,,0.52,,,
EVT_2A9521,timeline_22:16,0.52,,,0.52,,,
EVT_2A9521,timeline_23:16,0.52,,,0.52,,,
EVT_2A9521,timeline_00:16,0.52,,,0.52,,,
EVT_2A9521,timeline_01:05,0.52,,,0.52,,,
EVT_2A9521,timeline_02:06,0.515,,,0.515,,,
EVT_2A9521,timeline_03:07,0.515,,,0.515,,,
EVT_2A9521,timeline_04:07,0.515,,,0.515,,,
EVT_2A9521,timeline_05:07,0.51,,,0.51,,,
EVT_2A9521,timeline_06:14,0.51,,,0.51,,,
EVT_2A9521,timeline_07:17,0.51,,,0.51,,,
EVT_2A9521,timeline_08:18,0.51,,,0.51,,,
EVT_2A9521,timeline_09:18,0.51,,,0.51,,,
EVT_2A9521,timeline_10:19,0.51,,,0.51,,,
EVT_2A9521,timeline_11:19,0.505,,,0.505,,,
EVT_2A9521,timeline_12:19,0.505,,,0.505,,,
EVT_2A9521,timeline_13:20,0.505,,,0.505,,,
EVT_2A9521,timeline_14:21,0.085,,,0.085,,,
EVT_2A9521,timeline_15:22,0.075,,,0.075,,,
EVT_2A9521,timeline_16:45,0.08,,,0.08,,,
EVT_2A9521,timeline_17:46,0.08,,,0.08,,,
EVT_2A9521,timeline_18:47,0.08,,,0.08,,,
EVT_2A9521,timeline_19:47,0.08,,,0.08,,,
EVT_2A9521,timeline_20:48,0.08,,,0.08,,,
EVT_2A9521,timeline_21:48,0.085,,,0.085,,,
EVT_2A9521,timeline_22:48,0.085,,,0.085,,,
EVT_2A9521,timeline_23:49,0.085,,,0.085,,,
EVT_2A9521,timeline_00:49,0.085,,,0.085,,,
EVT_2A9521,timeline_01:50,0.085,,,0.085,,,
EVT_2A9521,timeline_02:50,0.085,,,0.085,,,
EVT_2A9521,timeline_03:51,0.085,,,0.085,,,
EVT_2A9521,timeline_04:51,0.085,,,0.085,,,
EVT_2A9521,timeline_05:52,0.085,,,0.085,,,
EVT_01697E_3,timeline_08:56,0.23,,,0.23,,,
EVT_01697E_3,timeline_09:58,0.225,,,0.225,,,
EVT_01697E_3,timeline_10:59,0.225,,,0.225,,,
EVT_01697E_3,timeline_11:53,0.22,,,0.22,,,
EVT_01697E_3,timeline_13:12,0.225,,,0.225,,,
EVT_01697E_3,timeline_14:43,0.225,,,0.225,,,
EVT_01697E_3,timeline_15:43,0.225,,,0.225,,,
EVT_01697E_3,timeline_16:44,0.225,,,0.225,,,
EVT_01697E_3,timeline_18:02,0.225,,,0.225,,,
EVT_01697E_3,timeline_19:02,0.225,,,0.225,,,
EVT_01697E_3,timeline_20:03,0.225,,,0.225,,,
EVT_01697E_3,timeline_21:03,0.22,,,0.22,,,
EVT_01697E_3,timeline_22:06,0.215,,,0.215,,,
EVT_01697E_3,timeline_23:06,0.215,,,0.215,,,
EVT_01697E_3,timeline_00:07,0.22,,,0.22,,,
EVT_01697E_3,timeline_01:07,0.225,,,0.225,,,
EVT_01697E_3,timeline_02:08,0.225,,,0.225,,,
EVT_01697E_3,timeline_03:10,0.225,,,0.225,,,
EVT_01697E_3,timeline_04:11,0.23,,,0.23,,,
EVT_01697E_3,timeline_05:11,0.23,,,0.23,,,
EVT_01697E_3,timeline_06:11,0.225,,,0.225,,,
EVT_01697E_3,timeline_07:52,0.225,,,0.225,,,
EVT_01697E_3,timeline_09:24,0.225,,,0.225,,,
EVT_01697E_3,timeline_10:25,0.225,,,0.225,,,
EVT_01697E_3,timeline_11:26,0.225,,,0.225,,,
EVT_01697E_3,timeline_12:26,0.225,,,0.225,,,
EVT_01697E_3,timeline_13:27,0.225,,,0.225,,,
EVT_01697E_3,timeline_14:28,0.225,,,0.225,,,
EVT_01697E_3,timeline_15:29,0.225,,,0.225,,,
EVT_01697E_3,timeline_16:29,0.225,,,0.225,,,
EVT_01697E_3,timeline_17:30,0.225,,,0.225,,,
EVT_01697E_3,timeline_18:31,0.225,,,0.225,,,
EVT_01697E_3,timeline_19:31,0.225,,,0.225,,,
EVT_01697E_3,timeline_20:32,0.22,,,0.22,,,
EVT_01697E_3,timeline_21:32,0.22,,,0.22,,,
EVT_01697E_3,timeline_22:32,0.22,,,0.22,,,
EVT_01697E_3,timeline_23:33,0.23,,,0.23,,,
EVT_01697E_3,timeline_00:34,0.23,,,0.23,,,
EVT_01697E_3,timeline_01:34,0.235,,,0.235,,,
EVT_01697E_3,timeline_02:35,0.235,,,0.235,,,
EVT_01697E_3,timeline_03:36,0.235,,,0.235,,,
EVT_01697E_3,timeline_04:36,0.235,,,0.235,,,
EVT_01697E_3,timeline_05:37,0.235,,,0.235,,,
EVT_01697E_3,timeline_06:38,0.235,,,0.235,,,
EVT_01697E_3,timeline_07:51,0.235,,,0.235,,,
EVT_01697E_3,timeline_08:51,0.235,,,0.235,,,
EVT_01697E_3,timeline_09:51,0.235,,,0.235,,,
EVT_01697E_3,timeline_10:52,0.24,,,0.24,,,
EVT_01697E_3,timeline_11:52,0.23,,,0.23,,,
EVT_01697E_3,timeline_12:53,0.23,,,0.23,,,
EVT_01697E_3,timeline_13:54,0.24,,,0.24,,,
EVT_01697E_3,timeline_14:55,0.24,,,0.24,,,
EVT_01697E_3,timeline_15:55,0.24,,,0.24,,,
EVT_01697E_3,timeline_17:14,0.24,,,0.24,,,
EVT_01697E_3,timeline_18:15,0.24,,,0.24,,,
EVT_01697E_3,timeline_19:15,0.24,,,0.24,,,
EVT_01697E_3,timeline_20:15,0.235,,,0.235,,,
EVT_01697E_3,timeline_21:16,0.24,,,0.24,,,
EVT_01697E_3,timeline_22:16,0.24,,,0.24,,,
EVT_01697E_3,timeline_23:16,0.24,,,0.24,,,
EVT_01697E_3,timeline_00:16,0.24,,,0.24,,,
EVT_01697E_3,timeline_01:05,0.24,,,0.24,,,
EVT_01697E_3,timeline_02:06,0.24,,,0.24,,,
EVT_01697E_3,timeline_03:07,0.24,,,0.24,,,
EVT_01697E_3,timeline_04:07,0.24,,,0.24,,,
EVT_01697E_3,timeline_05:07,0.235,,,0.235,,,
EVT_01697E_3,timeline_06:14,0.235,,,0.235,,,
EVT_01697E_3,timeline_07:17,0.23,,,0.23,,,
EVT_01697E_3,timeline_08:18,0.235,,,0.235,,,
EVT_01697E_3,timeline_09:18,0.235,,,0.235,,,
EVT_01697E_3,timeline_10:19,0.24,,,0.24,,,
EVT_01697E_3,timeline_11:19,0.24,,,0.24,,,
EVT_01697E_3,timeline_12:19,0.24,,,0.24,,,
EVT_01697E_3,timeline_13:20,0.225,,,0.225,,,
EVT_01697E_3,timeline_14:21,0.23,,,0.23,,,
EVT_01697E_3,timeline_15:22,0.23,,,0.23,,,
EVT_01697E_3,timeline_16:45,0.225,,,0.225,,,
EVT_01697E_3,timeline_17:46,0.225,,,0.225,,,
EVT_01697E_3,timeline_18:47,0.225,,,0.225,,,
EVT_01697E_3,timeline_19:47,0.22,,,0.22,,,
EVT_01697E_3,timeline_20:48,0.215,,,0.215,,,
EVT_01697E_3,timeline_21:48,0.215,,,0.215,,,
EVT_01697E_3,timeline_22:48,0.21,,,0.21,,,
EVT_01697E_3,timeline_23:49,0.22,,,0.22,,,
EVT_01697E_3,timeline_00:49,0.225,,,0.225,,,
EVT_01697E_3,timeline_01:50,0.225,,,0.225,,,
EVT_01697E_3,timeline_02:50,0.225,,,0.225,,,
EVT_01697E_3,timeline_03:51,0.22,,,0.22,,,
EVT_01697E_3,timeline_04:51,0.22,,,0.22,,,
EVT_01697E_3,timeline_05:52,0.225,,,0.225,,,
EVT_D210FB,timeline_06:17,0.115,,,0.115,,,
EVT_D210FB,timeline_07:17,0.115,,,0.115,,,
EVT_D210FB,timeline_08:18,0.115,,,0.115,,,
EVT_D210FB,timeline_09:18,0.115,,,0.115,,,
EVT_D210FB,timeline_10:19,0.11,,,0.11,,,
EVT_D210FB,timeline_11:19,0.1,,,0.1,,,
EVT_D210FB,timeline_12:19,0.1,,,0.1,,,
EVT_D210FB,timeline_13:20,0.1,,,0.1,,,
EVT_D210FB,timeline_14:21,0.295,,,0.295,,,
EVT_D210FB,timeline_15:22,0.295,,,0.295,,,
EVT_D210FB,timeline_16:45,0.295,,,0.295,,,
EVT_D210FB,timeline_17:46,0.295,,,0.295,,,
EVT_D210FB,timeline_18:47,0.295,,,0.295,,,
EVT_D210FB,timeline_19:47,0.295,,,0.295,,,
EVT_D210FB,timeline_20:48,0.3,,,0.3,,,
EVT_D210FB,timeline_21:48,0.3,,,0.3,,,
EVT_D210FB,timeline_22:48,0.3,,,0.3,,,
EVT_D210FB,timeline_23:49,0.3,,,0.3,,,
EVT_D210FB,timeline_00:49,0.3,,,0.3,,,
EVT_D210FB,timeline_01:50,0.29,,,0.29,,,
EVT_D210FB,timeline_02:50,0.29,,,0.29,,,
EVT_D210FB,timeline_03:51,0.295,,,0.295,,,
EVT_D210FB,timeline_04:51,0.29,,,0.29,,,
EVT_D210FB,timeline_05:52,0.29,,,0.29,,,
EVT_C93ADE,timeline_14:21,0.275,,,0.275,,,
EVT_C93ADE,timeline_15:22,0.225,,,0.225,,,
EVT_C93ADE,timeline_16:45,0.245,,,0.245,,,
EVT_C93ADE,timeline_17:46,0.235,,,0.235,,,
EVT_C93ADE,timeline_18:47,0.235,,,0.235,,,
EVT_C93ADE,timeline_19:47,0.245,,,0.245,,,
EVT_C93ADE,timeline_20:48,0.235,,,0.235,,,
EVT_C93ADE,timeline_21:48,0.265,,,0.265,,,
EVT_C93ADE,timeline_22:48,0.265,,,0.265,,,
EVT_C93ADE,timeline_23:49,0.255,,,0.255,,,
EVT_C93ADE,timeline_00:49,0.255,,,0.255,,,
EVT_C93ADE,timeline_01:50,0.255,,,0.255,,,
EVT_C93ADE,timeline_02:50,0.255,,,0.255,,,
EVT_C93ADE,timeline_03:51,0.265,,,0.265,,,
EVT_C93ADE,timeline_04:51,0.265,,,0.265,,,
EVT_C93ADE,timeline_05:52,0.265,,,0.265,,,
EVT_1FE9AE,timeline_18:32,0.385,,,0.385,,,
EVT_1FE9AE,timeline_20:03,0.35,,,0.35,,,
EVT_1FE9AE,timeline_21:03,0.35,,,0.35,,,
EVT_1FE9AE,timeline_22:04,0.355,,,0.355,,,
EVT_1FE9AE,timeline_23:04,0.355,,,0.355,,,
EVT_1FE9AE,timeline_00:05,0.335,,,0.335,,,
EVT_1FE9AE,timeline_01:05,0.335,,,0.335,,,
EVT_1FE9AE,timeline_02:06,0.335,,,0.335,,,
EVT_1FE9AE,timeline_03:07,0.335,,,0.335,,,
EVT_1FE9AE,timeline_04:07,0.335,,,0.335,,,
EVT_1FE9AE,timeline_05:07,0.335,,,0.335,,,
EVT_1FE9AE,timeline_06:14,0.34,,,0.34,,,
EVT_1FE9AE,timeline_07:17,0.34,,,0.34,,,
EVT_1FE9AE,timeline_08:18,0.34,,,0.34,,,
EVT_1FE9AE,timeline_09:18,0.34,,,0.34,,,
EVT_1FE9AE,timeline_10:19,0.34,,,0.34,,,
EVT_1FE9AE,timeline_11:19,0.34,,,0.34,,,
EVT_1FE9AE,timeline_12:19,0.34,,,0.34,,,
EVT_1FE9AE,timeline_13:20,0.345,,,0.345,,,
EVT_1FE9AE,timeline_14:21,0.345,,,0.345,,,
EVT_1FE9AE,timeline_15:22,0.34,,,0.34,,,
EVT_1FE9AE,timeline_16:45,0.34,,,0.34,,,
EVT_1FE9AE,timeline_17:46,0.335,,,0.335,,,
EVT_1FE9AE,timeline_18:47,0.335,,,0.335,,,
EVT_1FE9AE,timeline_19:47,0.335,,,0.335,,,
EVT_1FE9AE,timeline_20:48,0.335,,,0.335,,,
EVT_1FE9AE,timeline_21:48,0.34,,,0.34,,,
EVT_1FE9AE,timeline_22:48,0.34,,,0.34,,,
EVT_1FE9AE,timeline_23:49,0.34,,,0.34,,,
EVT_1FE9AE,timeline_00:49,0.34,,,0.34,,,
EVT_1FE9AE,timeline_01:50,0.34,,,0.34,,,
EVT_1FE9AE,timeline_02:50,0.345,,,0.345,,,
EVT_1FE9AE,timeline_03:51,0.345,,,0.345,,,
EVT_1FE9AE,timeline_04:51,0.345,,,0.345,,,
EVT_1FE9AE,timeline_05:52,0.345,,,0.345,,,
EVT_505E9B,timeline_14:21,0.12,,,0.12,,,
EVT_505E9B,timeline_15:22,0.09,,,0.09,,,
EVT_505E9B,timeline_16:45,0.1,,,0.1,,,
EVT_505E9B,timeline_17:46,0.075,,,0.075,,,
EVT_505E9B,timeline_18:47,0.08,,,0.08,,,
EVT_505E9B,timeline_19:47,0.065,,,0.065,,,
EVT_505E9B,timeline_20:48,0.065,,,0.065,,,
EVT_505E9B,timeline_21:48,0.095,,,0.095,,,
EVT_505E9B,timeline_22:48,0.095,,,0.095,,,
EVT_505E9B,timeline_23:49,0.085,,,0.085,,,
EVT_505E9B,timeline_00:49,0.075,,,0.075,,,
EVT_505E9B,timeline_01:50,0.07,,,0.07,,,
EVT_505E9B,timeline_02:50,0.065,,,0.065,,,
EVT_505E9B,timeline_03:51,0.065,,,0.065,,,
EVT_505E9B,timeline_04:51,0.065,,,0.065,,,
EVT_505E9B,timeline_05:52,0.065,,,0.065,,,
EVT_737A11,timeline_18:32,0.385,,,0.385,,,
EVT_737A11,timeline_20:03,0.35,,,0.35,,,
EVT_737A11,timeline_21:03,0.35,,,0.35,,,
EVT_737A11,timeline_22:04,0.355,,,0.355,,,
EVT_737A11,timeline_23:04,0.355,,,0.355,,,
EVT_737A11,timeline_00:05,0.335,,,0.335,,,
EVT_737A11,timeline_01:05,0.335,,,0.335,,,
EVT_737A11,timeline_02:06,0.335,,,0.335,,,
EVT_737A11,timeline_03:07,0.335,,,0.335,,,
EVT_737A11,timeline_04:07,0.335,,,0.335,,,
EVT_737A11,timeline_05:07,0.335,,,0.335,,,
EVT_737A11,timeline_06:14,0.34,,,0.34,,,
EVT_737A11,timeline_07:17,0.34,,,0.34,,,
EVT_737A11,timeline_08:18,0.34,,,0.34,,,
EVT_737A11,timeline_09:18,0.34,,,0.34,,,
EVT_737A11,timeline_10:19,0.34,,,0.34,,,
EVT_737A11,timeline_11:19,0.34,,,0.34,,,
EVT_737A11,timeline_12:19,0.34,,,0.34,,,
EVT_737A11,timeline_13:20,0.345,,,0.345,,,
EVT_737A11,timeline_14:21,0.275,,,0.275,,,
EVT_737A11,timeline_15:22,0.275,,,0.275,,,
EVT_737A11,timeline_16:45,0.275,,,0.275,,,
EVT_737A11,timeline_17:46,0.275,,,0.275,,,
EVT_737A11,timeline_18:47,0.275,,,0.275,,,
EVT_737A11,timeline_19:47,0.28,,,0.28,,,
EVT_737A11,timeline_20:48,0.285,,,0.285,,,
EVT_737A11,timeline_21:48,0.275,,,0.275,,,
EVT_737A11,timeline_22:48,0.275,,,0.275,,,
EVT_737A11,timeline_23:49,0.26,,,0.26,,,
EVT_737A11,timeline_00:49,0.26,,,0.26,,,
EVT_737A11,timeline_01:50,0.265,,,0.265,,,
EVT_737A11,timeline_02:50,0.265,,,0.265,,,
EVT_737A11,timeline_03:51,0.265,,,0.265,,,
EVT_737A11,timeline_04:51,0.265,,,0.265,,,
EVT_737A11,timeline_05:52,0.265,,,0.265,,,
EVT_A8B237,timeline_18:32,0.44,,,0.44,,,
EVT_A8B237,timeline_20:03,0.445,,,0.445,,,
EVT_A8B237,timeline_21:03,0.455,,,0.455,,,
EVT_A8B237,timeline_22:04,0.455,,,0.455,,,
EVT_A8B237,timeline_23:04,0.465,,,0.465,,,
EVT_A8B237,timeline_00:05,0.465,,,0.465,,,
EVT_A8B237,timeline_01:05,0.465,,,0.465,,,
EVT_A8B237,timeline_02:06,0.465,,,0.465,,,
EVT_A8B237,timeline_03:07,0.465,,,0.465,,,
EVT_A8B237,timeline_04:07,0.465,,,0.465,,,
EVT_A8B237,timeline_05:07,0.475,,,0.475,,,
EVT_A8B237,timeline_06:14,0.475,,,0.475,,,
EVT_A8B237,timeline_07:17,0.475,,,0.475,,,
EVT_A8B237,timeline_08:18,0.455,,,0.455,,,
EVT_A8B237,timeline_09:18,0.46,,,0.46,,,
EVT_A8B237,timeline_10:19,0.455,,,0.455,,,
EVT_A8B237,timeline_11:19,0.455,,,0.455,,,
EVT_A8B237,timeline_12:19,0.45,,,0.45,,,
EVT_A8B237,timeline_13:20,0.455,,,0.455,,,
EVT_A8B237,timeline_14:21,0.455,,,0.455,,,
EVT_A8B237,timeline_15:22,0.455,,,0.455,,,
EVT_A8B237,timeline_16:45,0.475,,,0.475,,,
EVT_A8B237,timeline_17:46,0.465,,,0.465,,,
EVT_A8B237,timeline_18:47,0.465,,,0.465,,,
EVT_A8B237,timeline_19:47,0.465,,,0.465,,,
EVT_A8B237,timeline_20:48,0.49,,,0.49,,,
EVT_A8B237,timeline_21:48,0.47,,,0.47,,,
EVT_A8B237,timeline_22:48,0.47,,,0.47,,,
EVT_A8B237,timeline_23:49,0.465,,,0.465,,,
EVT_A8B237,timeline_00:49,0.465,,,0.465,,,
EVT_A8B237,timeline_01:50,0.465,,,0.465,,,
EVT_A8B237,timeline_02:50,0.475,,,0.475,,,
EVT_A8B237,timeline_03:51,0.475,,,0.475,,,
EVT_A8B237,timeline_04:51,0.47,,,0.47,,,
EVT_A8B237,timeline_05:52,0.48,,,0.48,,,
EVT_C93D44,timeline_08:56,0.072,,,0.072,,,
EVT_C93D44,timeline_09:58,0.072,,,0.072,,,
EVT_C93D44,timeline_10:59,0.072,,,0.072,,,
EVT_C93D44,timeline_11:53,0.072,,,0.072,,,
EVT_C93D44,timeline_13:12,0.071,,,0.071,,,
EVT_C93D44,timeline_14:43,0.071,,,0.071,,,
EVT_C93D44,timeline_15:43,0.078,,,0.078,,,
EVT_C93D44,timeline_16:44,0.078,,,0.078,,,
EVT_C93D44,timeline_18:02,0.08,,,0.08,,,
EVT_C93D44,timeline_19:02,0.08,,,0.08,,,
EVT_C93D44,timeline_20:03,0.081,,,0.081,,,
EVT_C93D44,timeline_21:03,0.081,,,0.081,,,
EVT_C93D44,timeline_22:06,0.081,,,0.081,,,
EVT_C93D44,timeline_23:06,0.072,,,0.072,,,
EVT_C93D44,timeline_00:07,0.072,,,0.072,,,
EVT_C93D44,timeline_01:07,0.072,,,0.072,,,
EVT_C93D44,timeline_02:08,0.072,,,0.072,,,
EVT_C93D44,timeline_03:10,0.072,,,0.072,,,
EVT_C93D44,timeline_04:11,0.071,,,0.071,,,
EVT_C93D44,timeline_05:11,0.071,,,0.071,,,
EVT_C93D44,timeline_06:11,0.071,,,0.071,,,
EVT_C93D44,timeline_07:52,0.071,,,0.071,,,
EVT_C93D44,timeline_09:24,0.07,,,0.07,,,
EVT_C93D44,timeline_10:25,0.071,,,0.071,,,
EVT_C93D44,timeline_11:26,0.071,,,0.071,,,
EVT_C93D44,timeline_12:26,0.071,,,0.071,,,
EVT_C93D44,timeline_13:27,0.071,,,0.071,,,
EVT_C93D44,timeline_14:28,0.072,,,0.072,,,
EVT_C93D44,timeline_15:29,0.072,,,0.072,,,
EVT_C93D44,timeline_16:29,0.07,,,0.07,,,
EVT_C93D44,timeline_17:30,0.069,,,0.069,,,
EVT_C93D44,timeline_18:31,0.071,,,0.071,,,
EVT_C93D44,timeline_19:31,0.071,,,0.071,,,
EVT_C93D44,timeline_20:32,0.071,,,0.071,,,
EVT_C93D44,timeline_21:32,0.071,,,0.071,,,
EVT_C93D44,timeline_22:32,0.071,,,0.071,,,
EVT_C93D44,timeline_23:33,0.071,,,0.071,,,
EVT_C93D44,timeline_00:34,0.071,,,0.071,,,
EVT_C93D44,timeline_01:34,0.071,,,0.071,,,
EVT_C93D44,timeline_02:35,0.065,,,0.065,,,
EVT_C93D44,timeline_03:36,0.065,,,0.065,,,
EVT_C93D44,timeline_04:36,0.063,,,0.063,,,
EVT_C93D44,timeline_05:37,0.061,,,0.061,,,
EVT_C93D44,timeline_06:38,0.061,,,0.061,,,
EVT_C93D44,timeline_07:51,0.061,,,0.061,,,
EVT_C93D44,timeline_08:51,0.061,,,0.061,,,
EVT_C93D44,timeline_09:51,0.062,,,0.062,,,
EVT_C93D44,timeline_10:52,0.062,,,0.062,,,
EVT_C93D44,timeline_11:52,0.065,,,0.065,,,
EVT_C93D44,timeline_12:53,0.063,,,0.063,,,
EVT_C93D44,timeline_13:54,0.063,,,0.063,,,
EVT_C93D44,timeline_14:55,0.062,,,0.062,,,
EVT_C93D44,timeline_15:55,0.063,,,0.063,,,
EVT_C93D44,timeline_17:14,0.062,,,0.062,,,
EVT_C93D44,timeline_18:15,0.062,,,0.062,,,
EVT_C93D44,timeline_19:15,0.062,,,0.062,,,
EVT_C93D44,timeline_20:15,0.062,,,0.062,,,
EVT_C93D44,timeline_21:16,0.062,,,0.062,,,
EVT_C93D44,timeline_22:16,0.062,,,0.062,,,
EVT_C93D44,timeline_23:16,0.062,,,0.062,,,
EVT_C93D44,timeline_00:16,0.062,,,0.062,,,
EVT_C93D44,timeline_01:05,0.062,,,0.062,,,
EVT_C93D44,timeline_02:06,0.062,,,0.062,,,
EVT_C93D44,timeline_03:07,0.062,,,0.062,,,
EVT_C93D44,timeline_04:07,0.062,,,0.062,,,
EVT_C93D44,timeline_05:07,0.062,,,0.062,,,
EVT_C93D44,timeline_06:14,0.062,,,0.062,,,
EVT_C93D44,timeline_07:17,0.062,,,0.062,,,
EVT_C93D44,timeline_08:18,0.062,,,0.062,,,
EVT_C93D44,timeline_09:18,0.062,,,0.062,,,
EVT_C93D44,timeline_10:19,0.062,,,0.062,,,
EVT_C93D44,timeline_11:19,0.062,,,0.062,,,
EVT_C93D44,timeline_12:19,0.062,,,0.062,,,
EVT_C93D44,timeline_13:20,0.062,,,0.062,,,
EVT_C93D44,timeline_14:21,0.023,,,0.023,,,
EVT_C93D44,timeline_15:22,0.023,,,0.023,,,
EVT_C93D44,timeline_16:45,0.022,,,0.022,,,
EVT_C93D44,timeline_17:46,0.022,,,0.022,,,
EVT_C93D44,timeline_18:47,0.022,,,0.022,,,
EVT_C93D44,timeline_19:47,0.022,,,0.022,,,
EVT_C93D44,timeline_20:48,0.022,,,0.022,,,
EVT_C93D44,timeline_21:48,0.022,,,0.022,,,
EVT_C93D44,timeline_22:48,0.022,,,0.022,,,
EVT_C93D44,timeline_23:49,0.022,,,0.022,,,
EVT_C93D44,timeline_00:49,0.022,,,0.022,,,
EVT_C93D44,timeline_01:50,0.022,,,0.022,,,
EVT_C93D44,timeline_02:50,0.022,,,0.022,,,
EVT_C93D44,timeline_03:51,0.022,,,0.022,,,
EVT_C93D44,timeline_04:51,0.022,,,0.022,,,
EVT_C93D44,timeline_05:52,0.022,,,0.022,,,
EVT_857696,timeline_05:56,0.435,,,0.435,,,
EVT_857696,timeline_06:57,0.435,,,0.435,,,
EVT_857696,timeline_07:58,0.435,,,0.435,,,
EVT_857696,timeline_08:59,0.445,,,0.445,,,
EVT_857696,timeline_10:00,0.485,,,0.485,,,
EVT_857696,timeline_11:00,0.485,,,0.485,,,
EVT_857696,timeline_12:01,0.475,,,0.475,,,
EVT_857696,timeline_13:02,0.485,,,0.485,,,
EVT_857696,timeline_14:03,0.5,,,0.5,,,
EVT_857696,timeline_15:03,0.505,,,0.505,,,
EVT_857696,timeline_16:45,0.475,,,0.475,,,
EVT_857696,timeline_17:46,0.445,,,0.445,,,
EVT_857696,timeline_18:47,0.445,,,0.445,,,
EVT_857696,timeline_19:47,0.445,,,0.445,,,
EVT_857696,timeline_20:48,0.455,,,0.455,,,
EVT_857696,timeline_21:48,0.46,,,0.46,,,
EVT_857696,timeline_22:48,0.465,,,0.465,,,
EVT_857696,timeline_23:49,0.46,,,0.46,,,
EVT_857696,timeline_00:49,0.445,,,0.445,,,
EVT_857696,timeline_01:50,0.445,,,0.445,,,
EVT_857696,timeline_02:50,0.445,,,0.445,,,
EVT_857696,timeline_03:51,0.445,,,0.445,,,
EVT_857696,timeline_04:51,0.445,,,0.445,,,
EVT_857696,timeline_05:52,0.445,,,0.445,,,
EVT_090914_3,timeline_05:13,0.225,,,0.225,,,
EVT_090914_3,timeline_06:14,0.225,,,0.225,,,
EVT_090914_3,timeline_07:17,0.225,,,0.225,,,
EVT_090914_3,timeline_08:18,0.22,,,0.22,,,
EVT_090914_3,timeline_09:18,0.22,,,0.22,,,
EVT_090914_3,timeline_10:19,0.22,,,0.22,,,
EVT_090914_3,timeline_11:19,0.22,,,0.22,,,
EVT_090914_3,timeline_12:19,0.22,,,0.22,,,
EVT_090914_3,timeline_13:20,0.22,,,0.22,,,
EVT_090914_3,timeline_14:21,0.22,,,0.22,,,
EVT_090914_3,timeline_15:22,0.225,,,0.225,,,
EVT_090914_3,timeline_16:45,0.22,,,0.22,,,
EVT_090914_3,timeline_17:46,0.22,,,0.22,,,
EVT_090914_3,timeline_18:47,0.22,,,0.22,,,
EVT_090914_3,timeline_19:47,0.22,,,0.22,,,
EVT_090914_3,timeline_20:48,0.22,,,0.22,,,
EVT_090914_3,timeline_21:48,0.22,,,0.22,,,
EVT_090914_3,timeline_22:48,0.22,,,0.22,,,
EVT_090914_3,timeline_23:49,0.225,,,0.225,,,
EVT_090914_3,timeline_00:49,0.225,,,0.225,,,
EVT_090914_3,timeline_01:50,0.225,,,0.225,,,
EVT_090914_3,timeline_02:50,0.225,,,0.225,,,
EVT_090914_3,timeline_03:51,0.225,,,0.225,,,
EVT_090914_3,timeline_04:51,0.225,,,0.225,,,
EVT_090914_3,timeline_05:52,0.225,,,0.225,,,
EVT_6C9F93,timeline_05:13,0.09,,,0.09,,,
EVT_6C9F93,timeline_06:14,0.09,,,0.09,,,
EVT_6C9F93,timeline_07:17,0.09,,,0.09,,,
EVT_6C9F93,timeline_08:18,0.09,,,0.09,,,
EVT_6C9F93,timeline_09:18,0.09,,,0.09,,,
EVT_6C9F93,timeline_10:19,0.09,,,0.09,,,
EVT_6C9F93,timeline_11:19,0.09,,,0.09,,,
EVT_6C9F93,timeline_12:19,0.09,,,0.09,,,
EVT_6C9F93,timeline_13:20,0.09,,,0.09,,,
EVT_6C9F93,timeline_14:21,0.09,,,0.09,,,
EVT_6C9F93,timeline_15:22,0.09,,,0.09,,,
EVT_6C9F93,timeline_16:45,0.09,,,0.09,,,
EVT_6C9F93,timeline_17:46,0.09,,,0.09,,,
EVT_6C9F93,timeline_18:47,0.095,,,0.095,,,
EVT_6C9F93,timeline_19:47,0.095,,,0.095,,,
EVT_6C9F93,timeline_20:48,0.095,,,0.095,,,
EVT_6C9F93,timeline_21:48,0.095,,,0.095,,,
EVT_6C9F93,timeline_22:48,0.095,,,0.095,,,
EVT_6C9F93,timeline_23:49,0.095,,,0.095,,,
EVT_6C9F93,timeline_00:49,0.095,,,0.095,,,
EVT_6C9F93,timeline_01:50,0.095,,,0.095,,,
EVT_6C9F93,timeline_02:50,0.095,,,0.095,,,
EVT_6C9F93,timeline_03:51,0.095,,,0.095,,,
EVT_6C9F93,timeline_04:51,0.095,,,0.095,,,
EVT_6C9F93,timeline_05:52,0.095,,,0.095,,,
EVT_4276BB,timeline_14:21,0.275,,,0.275,,,
EVT_4276BB,timeline_15:22,0.225,,,0.225,,,
EVT_4276BB,timeline_16:45,0.245,,,0.245,,,
EVT_4276BB,timeline_17:46,0.235,,,0.235,,,
EVT_4276BB,timeline_18:47,0.235,,,0.235,,,
EVT_4276BB,timeline_19:47,0.245,,,0.245,,,
EVT_4276BB,timeline_20:48,0.235,,,0.235,,,
EVT_4276BB,timeline_21:48,0.265,,,0.265,,,
EVT_4276BB,timeline_22:48,0.265,,,0.265,,,
EVT_4276BB,timeline_23:49,0.255,,,0.255,,,
EVT_4276BB,timeline_00:49,0.255,,,0.255,,,
EVT_4276BB,timeline_01:50,0.255,,,0.255,,,
EVT_4276BB,timeline_02:50,0.255,,,0.255,,,
EVT_4276BB,timeline_03:51,0.265,,,0.265,,,
EVT_4276BB,timeline_04:51,0.265,,,0.265,,,
EVT_4276BB,timeline_05:52,0.265,,,0.265,,,
EVT_7F9EF0,timeline_18:15,0.385,,,0.385,,,
EVT_7F9EF0,timeline_19:15,0.36,,,0.36,,,
EVT_7F9EF0,timeline_20:15,0.35,,,0.35,,,
EVT_7F9EF0,timeline_21:16,0.35,,,0.35,,,
EVT_7F9EF0,timeline_22:16,0.355,,,0.355,,,
EVT_7F9EF0,timeline_23:16,0.35,,,0.35,,,
EVT_7F9EF0,timeline_00:16,0.335,,,0.335,,,
EVT_7F9EF0,timeline_01:16,0.335,,,0.335,,,
EVT_7F9EF0,timeline_02:06,0.335,,,0.335,,,
EVT_7F9EF0,timeline_03:07,0.335,,,0.335,,,
EVT_7F9EF0,timeline_04:07,0.335,,,0.335,,,
EVT_7F9EF0,timeline_05:07,0.335,,,0.335,,,
EVT_7F9EF0,timeline_06:14,0.34,,,0.34,,,
EVT_7F9EF0,timeline_07:17,0.34,,,0.34,,,
EVT_7F9EF0,timeline_08:18,0.34,,,0.34,,,
EVT_7F9EF0,timeline_09:18,0.34,,,0.34,,,
EVT_7F9EF0,timeline_10:19,0.34,,,0.34,,,
EVT_7F9EF0,timeline_11:19,0.34,,,0.34,,,
EVT_7F9EF0,timeline_12:19,0.34,,,0.34,,,
EVT_7F9EF0,timeline_13:20,0.345,,,0.345,,,
EVT_7F9EF0,timeline_14:21,0.275,,,0.275,,,
EVT_7F9EF0,timeline_15:22,0.275,,,0.275,,,
EVT_7F9EF0,timeline_16:45,0.275,,,0.275,,,
EVT_7F9EF0,timeline_17:46,0.275,,,0.275,,,
EVT_7F9EF0,timeline_18:47,0.275,,,0.275,,,
EVT_7F9EF0,timeline_19:47,0.28,,,0.28,,,
EVT_7F9EF0,timeline_20:48,0.285,,,0.285,,,
EVT_7F9EF0,timeline_21:48,0.275,,,0.275,,,
EVT_7F9EF0,timeline_22:48,0.275,,,0.275,,,
EVT_7F9EF0,timeline_23:49,0.26,,,0.26,,,
EVT_7F9EF0,timeline_00:49,0.26,,,0.26,,,
EVT_7F9EF0,timeline_01:50,0.265,,,0.265,,,
EVT_7F9EF0,timeline_02:50,0.265,,,0.265,,,
EVT_7F9EF0,timeline_03:51,0.265,,,0.265,,,
EVT_7F9EF0,timeline_04:51,0.265,,,0.265,,,
EVT_7F9EF0,timeline_05:52,0.265,,,0.265,,,
EVT_C54A31,timeline_18:15,0.15,,,0.15,,,
EVT_C54A31,timeline_19:15,0.17,,,0.17,,,
EVT_C54A31,timeline_20:15,0.17,,,0.17,,,
EVT_C54A31,timeline_21:16,0.165,,,0.165,,,
EVT_C54A31,timeline_22:16,0.15,,,0.15,,,
EVT_C54A31,timeline_23:16,0.125,,,0.125,,,
EVT_C54A31,timeline_00:16,0.155,,,0.155,,,
EVT_C54A31,timeline_01:16,0.14,,,0.14,,,
EVT_C54A31,timeline_02:06,0.14,,,0.14,,,
EVT_C54A31,timeline_03:07,0.135,,,0.135,,,
EVT_C54A31,timeline_04:07,0.115,,,0.115,,,
EVT_C54A31,timeline_05:07,0.11,,,0.11,,,
EVT_C54A31,timeline_06:14,0.11,,,0.11,,,
EVT_C54A31,timeline_07:17,0.115,,,0.115,,,
EVT_C54A31,timeline_08:18,0.125,,,0.125,,,
EVT_C54A31,timeline_09:18,0.13,,,0.13,,,
EVT_C54A31,timeline_10:19,0.13,,,0.13,,,
EVT_C54A31,timeline_11:19,0.13,,,0.13,,,
EVT_C54A31,timeline_12:19,0.115,,,0.115,,,
EVT_C54A31,timeline_13:20,0.11,,,0.11,,,
EVT_C54A31,timeline_14:21,0.11,,,0.11,,,
EVT_C54A31,timeline_15:22,0.11,,,0.11,,,
EVT_C54A31,timeline_16:45,0.11,,,0.11,,,
EVT_C54A31,timeline_17:46,0.11,,,0.11,,,
EVT_C54A31,timeline_18:47,0.11,,,0.11,,,
EVT_C54A31,timeline_19:47,0.11,,,0.11,,,
EVT_C54A31,timeline_20:48,0.11,,,0.11,,,
EVT_C54A31,timeline_21:48,0.105,,,0.105,,,
EVT_C54A31,timeline_22:48,0.11,,,0.11,,,
EVT_C54A31,timeline_23:49,0.115,,,0.115,,,
EVT_C54A31,timeline_00:49,0.11,,,0.11,,,
EVT_C54A31,timeline_01:50,0.11,,,0.11,,,
EVT_C54A31,timeline_02:50,0.11,,,0.11,,,
EVT_C54A31,timeline_03:51,0.11,,,0.11,,,
EVT_C54A31,timeline_04:51,0.11,,,0.11,,,
EVT_C54A31,timeline_05:52,0.11,,,0.11,,,
EVT_15D87D,timeline_06:51,0.545,,,0.545,,,
EVT_15D87D,timeline_07:51,0.545,,,0.545,,,
EVT_15D87D,timeline_08:51,0.545,,,0.545,,,
EVT_15D87D,timeline_09:51,0.545,,,0.545,,,
EVT_15D87D,timeline_10:52,0.545,,,0.545,,,
EVT_15D87D,timeline_11:52,0.545,,,0.545,,,
EVT_15D87D,timeline_12:53,0.545,,,0.545,,,
EVT_15D87D,timeline_13:54,0.545,,,0.545,,,
EVT_15D87D,timeline_14:55,0.545,,,0.545,,,
EVT_15D87D,timeline_15:55,0.545,,,0.545,,,
EVT_15D87D,timeline_17:14,0.545,,,0.545,,,
EVT_15D87D,timeline_18:15,0.545,,,0.545,,,
EVT_15D87D,timeline_19:15,0.545,,,0.545,,,
EVT_15D87D,timeline_20:15,0.545,,,0.545,,,
EVT_15D87D,timeline_21:16,0.505,,,0.505,,,
EVT_15D87D,timeline_22:16,0.545,,,0.545,,,
EVT_15D87D,timeline_23:16,0.545,,,0.545,,,
EVT_15D87D,timeline_00:16,0.545,,,0.545,,,
EVT_15D87D,timeline_01:16,0.545,,,0.545,,,
EVT_15D87D,timeline_02:06,0.545,,,0.545,,,
EVT_15D87D,timeline_03:07,0.545,,,0.545,,,
EVT_15D87D,timeline_04:07,0.545,,,0.545,,,
EVT_15D87D,timeline_05:07,0.545,,,0.545,,,
EVT_15D87D,timeline_06:14,0.545,,,0.545,,,
EVT_15D87D,timeline_07:17,0.545,,,0.545,,,
EVT_15D87D,timeline_08:18,0.545,,,0.545,,,
EVT_15D87D,timeline_09:18,0.545,,,0.545,,,
EVT_15D87D,timeline_10:19,0.545,,,0.545,,,
EVT_15D87D,timeline_11:19,0.475,,,0.475,,,
EVT_15D87D,timeline_12:19,0.48,,,0.48,,,
EVT_15D87D,timeline_13:20,0.51,,,0.51,,,
EVT_15D87D,timeline_14:21,0.56,,,0.56,,,
EVT_15D87D,timeline_15:22,0.56,,,0.56,,,
EVT_15D87D,timeline_16:45,0.56,,,0.56,,,
EVT_15D87D,timeline_17:46,0.56,,,0.56,,,
EVT_15D87D,timeline_18:47,0.56,,,0.56,,,
EVT_15D87D,timeline_19:47,0.56,,,0.56,,,
EVT_15D87D,timeline_20:48,0.56,,,0.56,,,
EVT_15D87D,timeline_21:48,0.57,,,0.57,,,
EVT_15D87D,timeline_22:48,0.57,,,0.57,,,
EVT_15D87D,timeline_23:49,0.57,,,0.57,,,
EVT_15D87D,timeline_00:49,0.57,,,0.57,,,
EVT_15D87D,timeline_01:50,0.57,,,0.57,,,
EVT_15D87D,timeline_02:50,0.57,,,0.57,,,
EVT_15D87D,timeline_03:51,0.575,,,0.575,,,
EVT_15D87D,timeline_04:51,0.575,,,0.575,,,
EVT_15D87D,timeline_05:52,0.575,,,0.575,,,
EVT_7EB1ED,timeline_06:51,0.745,,,0.745,,,
EVT_7EB1ED,timeline_07:51,0.74,,,0.74,,,
EVT_7EB1ED,timeline_08:51,0.71,,,0.71,,,
EVT_7EB1ED,timeline_09:51,0.72,,,0.72,,,
EVT_7EB1ED,timeline_10:52,0.505,,,0.505,,,
EVT_7EB1ED,timeline_11:52,0.28,,,0.28,,,
EVT_7EB1ED,timeline_12:53,0.35,,,0.35,,,
EVT_7EB1ED,timeline_13:54,0.315,,,0.315,,,
EVT_7EB1ED,timeline_14:55,0.34,,,0.34,,,
EVT_7EB1ED,timeline_15:55,0.335,,,0.335,,,
EVT_7EB1ED,timeline_17:14,0.47,,,0.47,,,
EVT_7EB1ED,timeline_18:15,0.49,,,0.49,,,
EVT_7EB1ED,timeline_19:15,0.49,,,0.49,,,
EVT_7EB1ED,timeline_20:15,0.535,,,0.535,,,
EVT_7EB1ED,timeline_21:16,0.525,,,0.525,,,
EVT_7EB1ED,timeline_22:16,0.6,,,0.6,,,
EVT_7EB1ED,timeline_23:16,0.515,,,0.515,,,
EVT_7EB1ED,timeline_00:16,0.47,,,0.47,,,
EVT_7EB1ED,timeline_01:16,0.455,,,0.455,,,
EVT_7EB1ED,timeline_02:06,0.45,,,0.45,,,
EVT_7EB1ED,timeline_03:07,0.43,,,0.43,,,
EVT_7EB1ED,timeline_04:07,0.435,,,0.435,,,
EVT_7EB1ED,timeline_05:07,0.435,,,0.435,,,
EVT_7EB1ED,timeline_06:14,0.435,,,0.435,,,
EVT_7EB1ED,timeline_07:17,0.435,,,0.435,,,
EVT_7EB1ED,timeline_08:18,0.435,,,0.435,,,
EVT_7EB1ED,timeline_09:18,0.405,,,0.405,,,
EVT_7EB1ED,timeline_10:19,0.485,,,0.485,,,
EVT_7EB1ED,timeline_11:19,0.485,,,0.485,,,
EVT_7EB1ED,timeline_12:19,0.475,,,0.475,,,
EVT_7EB1ED,timeline_13:20,0.495,,,0.495,,,
EVT_7EB1ED,timeline_14:21,0.5,,,0.5,,,
EVT_7EB1ED,timeline_15:22,0.505,,,0.505,,,
EVT_7EB1ED,timeline_16:45,0.465,,,0.465,,,
EVT_7EB1ED,timeline_17:46,0.445,,,0.445,,,
EVT_7EB1ED,timeline_18:47,0.445,,,0.445,,,
EVT_7EB1ED,timeline_19:47,0.445,,,0.445,,,
EVT_7EB1ED,timeline_20:48,0.46,,,0.46,,,
EVT_7EB1ED,timeline_21:48,0.46,,,0.46,,,
EVT_7EB1ED,timeline_22:48,0.465,,,0.465,,,
EVT_7EB1ED,timeline_23:49,0.46,,,0.46,,,
EVT_7EB1ED,timeline_00:49,0.445,,,0.445,,,
EVT_7EB1ED,timeline_01:50,0.445,,,0.445,,,
EVT_7EB1ED,timeline_02:50,0.445,,,0.445,,,
EVT_7EB1ED,timeline_03:51,0.445,,,0.445,,,
EVT_7EB1ED,timeline_04:51,0.445,,,0.445,,,
EVT_7EB1ED,timeline_05:52,0.445,,,0.445,,,
EVT_B1585E,timeline_06:51,0.545,,,0.545,,,
EVT_B1585E,timeline_07:51,0.545,,,0.545,,,
EVT_B1585E,timeline_08:51,0.545,,,0.545,,,
EVT_B1585E,timeline_09:51,0.545,,,0.545,,,
EVT_B1585E,timeline_10:52,0.545,,,0.545,,,
EVT_B1585E,timeline_11:52,0.545,,,0.545,,,
EVT_B1585E,timeline_12:53,0.545,,,0.545,,,
EVT_B1585E,timeline_13:54,0.545,,,0.545,,,
EVT_B1585E,timeline_14:55,0.545,,,0.545,,,
EVT_B1585E,timeline_15:55,0.545,,,0.545,,,
EVT_B1585E,timeline_17:14,0.545,,,0.545,,,
EVT_B1585E,timeline_18:15,0.545,,,0.545,,,
EVT_B1585E,timeline_19:15,0.545,,,0.545,,,
EVT_B1585E,timeline_20:15,0.545,,,0.545,,,
EVT_B1585E,timeline_21:16,0.505,,,0.505,,,
EVT_B1585E,timeline_22:16,0.545,,,0.545,,,
EVT_B1585E,timeline_23:16,0.545,,,0.545,,,
EVT_B1585E,timeline_00:16,0.545,,,0.545,,,
EVT_B1585E,timeline_01:16,0.545,,,0.545,,,
EVT_B1585E,timeline_02:06,0.545,,,0.545,,,
EVT_B1585E,timeline_03:07,0.545,,,0.545,,,
EVT_B1585E,timeline_04:07,0.545,,,0.545,,,
EVT_B1585E,timeline_05:07,0.545,,,0.545,,,
EVT_B1585E,timeline_06:14,0.545,,,0.545,,,
EVT_B1585E,timeline_07:17,0.545,,,0.545,,,
EVT_B1585E,timeline_08:18,0.545,,,0.545,,,
EVT_B1585E,timeline_09:18,0.545,,,0.545,,,
EVT_B1585E,timeline_10:19,0.545,,,0.545,,,
EVT_B1585E,timeline_11:19,0.475,,,0.475,,,
EVT_B1585E,timeline_12:19,0.48,,,0.48,,,
EVT_B1585E,timeline_13:20,0.51,,,0.51,,,
EVT_B1585E,timeline_14:21,0.517,,,0.517,,,
EVT_B1585E,timeline_15:22,0.517,,,0.517,,,
EVT_B1585E,timeline_16:45,0.517,,,0.517,,,
EVT_B1585E,timeline_17:46,0.517,,,0.517,,,
EVT_B1585E,timeline_18:47,0.517,,,0.517,,,
EVT_B1585E,timeline_19:47,0.517,,,0.517,,,
EVT_B1585E,timeline_20:48,0.517,,,0.517,,,
EVT_B1585E,timeline_21:48,0.517,,,0.517,,,
EVT_B1585E,timeline_22:48,0.517,,,0.517,,,
EVT_B1585E,timeline_23:49,0.517,,,0.517,,,
EVT_B1585E,timeline_00:49,0.517,,,0.517,,,
EVT_B1585E,timeline_01:50,0.517,,,0.517,,,
EVT_B1585E,timeline_02:50,0.517,,,0.517,,,
EVT_B1585E,timeline_03:51,0.517,,,0.517,,,
EVT_B1585E,timeline_04:51,0.517,,,0.517,,,
EVT_B1585E,timeline_05:52,0.514,,,0.514,,,
EVT_DA73A0,timeline_06:51,1.0,,,1.0,,,
EVT_DA73A0,timeline_07:51,1.0,,,1.0,,,
EVT_DA73A0,timeline_08:51,1.0,,,1.0,,,
EVT_DA73A0,timeline_09:51,1.0,,,1.0,,,
EVT_DA73A0,timeline_10:52,1.0,,,1.0,,,
EVT_DA73A0,timeline_11:52,1.0,,,1.0,,,
EVT_DA73A0,timeline_12:53,1.0,,,1.0,,,
EVT_DA73A0,timeline_13:54,1.0,,,1.0,,,
EVT_DA73A0,timeline_14:55,1.0,,,1.0,,,
EVT_DA73A0,timeline_15:55,1.0,,,1.0,,,
EVT_DA73A0,timeline_17:14,1.0,,,1.0,,,
EVT_DA73A0,timeline_18:15,1.0,,,1.0,,,
EVT_DA73A0,timeline_19:15,1.0,,,1.0,,,
EVT_DA73A0,timeline_20:15,1.0,,,1.0,,,
EVT_DA73A0,timeline_21:16,1.0,,,1.0,,,
EVT_DA73A0,timeline_22:16,1.0,,,1.0,,,
EVT_DA73A0,timeline_23:16,1.0,,,1.0,,,
EVT_DA73A0,timeline_00:16,1.0,,,1.0,,,
EVT_DA73A0,timeline_01:16,1.0,,,1.0,,,
EVT_DA73A0,timeline_02:06,1.0,,,1.0,,,
EVT_DA73A0,timeline_03:07,1.0,,,1.0,,,
EVT_DA73A0,timeline_04:07,1.0,,,1.0,,,
EVT_DA73A0,timeline_05:07,1.0,,,1.0,,,
EVT_DA73A0,timeline_06:14,1.0,,,1.0,,,
EVT_DA73A0,timeline_07:17,1.0,,,1.0,,,
EVT_DA73A0,timeline_08:18,1.0,,,1.0,,,
EVT_DA73A0,timeline_09:18,1.0,,,1.0,,,
EVT_DA73A0,timeline_10:19,1.0,,,1.0,,,
EVT_DA73A0,timeline_11:19,1.0,,,1.0,,,
EVT_DA73A0,timeline_12:19,1.0,,,1.0,,,
EVT_DA73A0,timeline_13:20,1.0,,,1.0,,,
EVT_DA73A0,timeline_14:21,1.0,,,1.0,,,
EVT_DA73A0,timeline_15:22,1.0,,,1.0,,,
EVT_DA73A0,timeline_16:45,1.0,,,1.0,,,
EVT_DA73A0,timeline_17:46,1.0,,,1.0,,,
EVT_DA73A0,timeline_18:47,1.0,,,1.0,,,
EVT_DA73A0,timeline_19:47,1.0,,,1.0,,,
EVT_DA73A0,timeline_20:48,1.0,,,1.0,,,
EVT_DA73A0,timeline_21:48,1.0,,,1.0,,,
EVT_DA73A0,timeline_22:48,1.0,,,1.0,,,
EVT_DA73A0,timeline_23:49,1.0,,,1.0,,,
EVT_DA73A0,timeline_00:49,1.0,,,1.0,,,
EVT_DA73A0,timeline_01:50,1.0,,,1.0,,,
EVT_DA73A0,timeline_02:50,1.0,,,1.0,,,
EVT_DA73A0,timeline_03:51,1.0,,,1.0,,,
EVT_DA73A0,timeline_04:51,1.0,,,1.0,,,
EVT_DA73A0,timeline_05:52,1.0,,,1.0,,,
EVT_FF47EE,timeline_06:51,0.18,,,0.18,,,
EVT_FF47EE,timeline_07:51,0.175,,,0.175,,,
EVT_FF47EE,timeline_08:51,0.175,,,0.175,,,
EVT_FF47EE,timeline_09:51,0.175,,,0.175,,,
EVT_FF47EE,timeline_10:52,0.175,,,0.175,,,
EVT_FF47EE,timeline_11:52,0.175,,,0.175,,,
EVT_FF47EE,timeline_12:53,0.175,,,0.175,,,
EVT_FF47EE,timeline_13:54,0.175,,,0.175,,,
EVT_FF47EE,timeline_14:55,0.175,,,0.175,,,
EVT_FF47EE,timeline_15:55,0.175,,,0.175,,,
EVT_FF47EE,timeline_17:14,0.175,,,0.175,,,
EVT_FF47EE,timeline_18:15,0.175,,,0.175,,,
EVT_FF47EE,timeline_19:15,0.175,,,0.175,,,
EVT_FF47EE,timeline_20:15,0.18,,,0.18,,,
EVT_FF47EE,timeline_21:16,0.18,,,0.18,,,
EVT_FF47EE,timeline_22:16,0.18,,,0.18,,,
EVT_FF47EE,timeline_23:16,0.18,,,0.18,,,
EVT_FF47EE,timeline_00:16,0.18,,,0.18,,,
EVT_FF47EE,timeline_01:16,0.18,,,0.18,,,
EVT_FF47EE,timeline_02:06,0.18,,,0.18,,,
EVT_FF47EE,timeline_03:07,0.18,,,0.18,,,
EVT_FF47EE,timeline_04:07,0.18,,,0.18,,,
EVT_FF47EE,timeline_05:07,0.18,,,0.18,,,
EVT_FF47EE,timeline_06:14,0.18,,,0.18,,,
EVT_FF47EE,timeline_07:17,0.18,,,0.18,,,
EVT_FF47EE,timeline_08:18,0.18,,,0.18,,,
EVT_FF47EE,timeline_09:18,0.18,,,0.18,,,
EVT_FF47EE,timeline_10:19,0.18,,,0.18,,,
EVT_FF47EE,timeline_11:19,0.18,,,0.18,,,
EVT_FF47EE,timeline_12:19,0.18,,,0.18,,,
EVT_FF47EE,timeline_13:20,0.18,,,0.18,,,
EVT_FF47EE,timeline_14:21,0.18,,,0.18,,,
EVT_FF47EE,timeline_15:22,0.18,,,0.18,,,
EVT_FF47EE,timeline_16:45,0.18,,,0.18,,,
EVT_FF47EE,timeline_17:46,0.18,,,0.18,,,
EVT_FF47EE,timeline_18:47,0.18,,,0.18,,,
EVT_FF47EE,timeline_19:47,0.18,,,0.18,,,
EVT_FF47EE,timeline_20:48,0.18,,,0.18,,,
EVT_FF47EE,timeline_21:48,0.18,,,0.18,,,
EVT_FF47EE,timeline_22:48,0.18,,,0.18,,,
EVT_FF47EE,timeline_23:49,0.18,,,0.18,,,
EVT_FF47EE,timeline_00:49,0.18,,,0.18,,,
EVT_FF47EE,timeline_01:50,0.18,,,0.18,,,
EVT_FF47EE,timeline_02:50,0.18,,,0.18,,,
EVT_FF47EE,timeline_03:51,0.18,,,0.18,,,
EVT_FF47EE,timeline_04:51,0.18,,,0.18,,,
EVT_FF47EE,timeline_05:52,0.18,,,0.18,,,
EVT_A6A8FF,timeline_19:03,0.032,,,0.032,,,
EVT_A6A8FF,timeline_20:03,0.046,,,0.046,,,
EVT_A6A8FF,timeline_21:03,0.039,,,0.039,,,
EVT_A6A8FF,timeline_22:04,0.031,,,0.031,,,
EVT_A6A8FF,timeline_23:04,0.034,,,0.034,,,
EVT_A6A8FF,timeline_00:05,0.036,,,0.036,,,
EVT_A6A8FF,timeline_01:05,0.035,,,0.035,,,
EVT_A6A8FF,timeline_02:06,0.033,,,0.033,,,
EVT_A6A8FF,timeline_03:07,0.031,,,0.031,,,
EVT_A6A8FF,timeline_04:07,0.031,,,0.031,,,
EVT_A6A8FF,timeline_05:07,0.031,,,0.031,,,
EVT_A6A8FF,timeline_06:14,0.031,,,0.031,,,
EVT_A6A8FF,timeline_07:17,0.031,,,0.031,,,
EVT_A6A8FF,timeline_08:18,0.031,,,0.031,,,
EVT_A6A8FF,timeline_09:18,0.042,,,0.042,,,
EVT_A6A8FF,timeline_10:19,0.04,,,0.04,,,
EVT_A6A8FF,timeline_11:19,0.031,,,0.031,,,
EVT_A6A8FF,timeline_12:19,0.031,,,0.031,,,
EVT_A6A8FF,timeline_13:20,0.031,,,0.031,,,
EVT_A6A8FF,timeline_14:21,0.865,,,0.865,,,
EVT_A6A8FF,timeline_15:22,0.865,,,0.865,,,
EVT_A6A8FF,timeline_16:45,0.865,,,0.865,,,
EVT_A6A8FF,timeline_17:46,0.865,,,0.865,,,
EVT_A6A8FF,timeline_18:47,0.865,,,0.865,,,
EVT_A6A8FF,timeline_19:47,0.865,,,0.865,,,
EVT_A6A8FF,timeline_20:48,0.865,,,0.865,,,
EVT_A6A8FF,timeline_21:48,0.865,,,0.865,,,
EVT_A6A8FF,timeline_22:48,0.865,,,0.865,,,
EVT_A6A8FF,timeline_23:49,0.865,,,0.865,,,
EVT_A6A8FF,timeline_00:49,0.865,,,0.865,,,
EVT_A6A8FF,timeline_01:50,0.865,,,0.865,,,
EVT_A6A8FF,timeline_02:50,0.865,,,0.865,,,
EVT_A6A8FF,timeline_03:51,0.865,,,0.865,,,
EVT_A6A8FF,timeline_04:51,0.865,,,0.865,,,
EVT_A6A8FF,timeline_05:52,0.865,,,0.865,,,
EVT_97FE3A,timeline_06:51,0.065,,,0.065,,,
EVT_97FE3A,timeline_07:51,0.065,,,0.065,,,
EVT_97FE3A,timeline_08:51,0.065,,,0.065,,,
EVT_97FE3A,timeline_09:51,0.065,,,0.065,,,
EVT_97FE3A,timeline_10:52,0.065,,,0.065,,,
EVT_97FE3A,timeline_11:52,0.065,,,0.065,,,
EVT_97FE3A,timeline_12:53,0.065,,,0.065,,,
EVT_97FE3A,timeline_13:54,0.065,,,0.065,,,
EVT_97FE3A,timeline_14:55,0.065,,,0.065,,,
EVT_97FE3A,timeline_15:55,0.065,,,0.065,,,
EVT_97FE3A,timeline_17:14,0.065,,,0.065,,,
EVT_97FE3A,timeline_18:15,0.065,,,0.065,,,
EVT_97FE3A,timeline_19:15,0.065,,,0.065,,,
EVT_97FE3A,timeline_20:15,0.065,,,0.065,,,
EVT_97FE3A,timeline_21:16,0.065,,,0.065,,,
EVT_97FE3A,timeline_22:16,0.065,,,0.065,,,
EVT_97FE3A,timeline_23:16,0.065,,,0.065,,,
EVT_97FE3A,timeline_00:16,0.065,,,0.065,,,
EVT_97FE3A,timeline_01:16,0.065,,,0.065,,,
EVT_97FE3A,timeline_02:06,0.065,,,0.065,,,
EVT_97FE3A,timeline_03:07,0.065,,,0.065,,,
EVT_97FE3A,timeline_04:07,0.065,,,0.065,,,
EVT_97FE3A,timeline_05:07,0.065,,,0.065,,,
EVT_97FE3A,timeline_06:14,0.065,,,0.065,,,
EVT_97FE3A,timeline_07:17,0.065,,,0.065,,,
EVT_97FE3A,timeline_08:18,0.065,,,0.065,,,
EVT_97FE3A,timeline_09:18,0.065,,,0.065,,,
EVT_97FE3A,timeline_10:19,0.065,,,0.065,,,
EVT_97FE3A,timeline_11:19,0.065,,,0.065,,,
EVT_97FE3A,timeline_12:19,0.065,,,0.065,,,
EVT_97FE3A,timeline_13:20,0.065,,,0.065,,,
EVT_97FE3A,timeline_14:21,0.065,,,0.065,,,
EVT_97FE3A,timeline_15:22,0.065,,,0.065,,,
EVT_97FE3A,timeline_16:45,0.065,,,0.065,,,
EVT_97FE3A,timeline_17:46,0.065,,,0.065,,,
EVT_97FE3A,timeline_18:47,0.065,,,0.065,,,
EVT_97FE3A,timeline_19:47,0.065,,,0.065,,,
EVT_97FE3A,timeline_20:48,0.065,,,0.065,,,
EVT_97FE3A,timeline_21:48,0.065,,,0.065,,,
EVT_97FE3A,timeline_22:48,0.065,,,0.065,,,
EVT_97FE3A,timeline_23:49,0.065,,,0.065,,,
EVT_97FE3A,timeline_00:49,0.065,,,0.065,,,
EVT_97FE3A,timeline_01:50,0.065,,,0.065,,,
EVT_97FE3A,timeline_02:50,0.065,,,0.065,,,
EVT_97FE3A,timeline_03:51,0.065,,,0.065,,,
EVT_97FE3A,timeline_04:51,0.065,,,0.065,,,
EVT_97FE3A,timeline_05:52,0.065,,,0.065,,,
